0.039401,0.029403,-0.022445,-0.062287,-0.049736,-0.0016726,0.065158,0.070976,-0.002797,-0.11158,-0.13382,-0.043796,0.10992,0.22021,0.16478,-0.017481,-0.19644,-0.20975,-0.043756,0.18157,0.32371,0.2223,0.0020977,-0.18232,-0.24585,-0.21144,0.027659,0.30691,0.36732,0.24012,0.014809,-0.1433,-0.18661,-0.096168,0.031352,0.092046,0.05684,-0.023986,-0.066388,-0.023422,0.073585,0.14707,0.10323,0.0094319,-0.10604,-0.14349,-0.086209,0.0087635,0.093941,0.12329,0.080771,-0.005725,-0.068232,-0.073353,-0.051747,-0.0098283,0.025466,0.016918,-0.038881,-0.039037,-0.0027599,0.067819,0.14553,0.14084,0.07969,-0.022251,-0.060074,-0.032325,0.015843,0.040295,0.020312,-0.031609,-0.050334,-0.010897,0.057164,0.13439,0.14301,0.062853,-0.053058,-0.098299,-0.082861,-0.014131,0.087139,0.11922,0.087926,0.027222,-0.013809,-0.020618,-0.0099675,0.018484,0.012247,-0.0074939,-0.022046,-0.019528,0.013871,0.066756,0.12595,0.11811,0.049222,-0.015332,-0.062708,-0.07986,-0.067547,-0.050094,-0.014782,-0.002944,0.020202,0.040895,0.034908,0.024959,0.0058836,0.0051645,0.011863,0.016033,0.0037039,-0.0094899,-0.02516,-0.022508,-0.0010211,0.021004,0.036736,0.02189,-0.00056973,-0.027006,-0.0442,-0.031177,0.0064499,0.047836,0.080475,0.080836,0.054617,0.027765,-0.007552,-0.013529,-0.015898,-0.0015939,0.0064946,0.013428,-0.0005921,-0.0059591,-0.01136,0.00039946,0.017254,0.03529,0.052753,0.054175,0.038962,0.021113,0.0091635,-0.013949,-0.012452,-0.019975,-0.036331,-0.040519,-0.039083,-0.024033,-0.0050559,0.0092911,0.023732,0.032303,0.039156,0
-0.031009,0.010874,-0.0050862,-0.06275,-0.18838,-0.15729,-0.011843,0.089677,0.12333,0.033709,-0.064582,-0.073678,-0.089759,-0.025985,0.011604,-0.062866,-0.11072,-0.090344,-0.13626,-0.17302,-0.12073,0.010169,0.055467,0.063921,-0.00046511,-0.028305,-0.032008,-0.019232,0.069008,-0.0092432,-0.045591,-0.1904,-0.35639,-0.32417,-0.177,-0.018891,0.13499,0.13388,0.088056,-0.013021,-0.042235,-0.090207,-0.01967,0.075009,0.049621,0.035852,-0.074099,-0.1781,-0.27188,-0.17197,-0.03566,0.045325,0.042633,-0.021326,0.06278,0.055382,0.042581,0.087134,0.052087,-0.14656,-0.25139,-0.21292,-0.10786,-0.07532,0.0047634,0.023428,-0.033926,-0.082227,0.030761,0.083776,0.096509,0.057161,0.018173,-0.061775,-0.057313,-0.0059685,-0.062285,0.014904,-0.0038388,-0.082161,-0.13911,-0.10871,-0.0035347,0.037213,0.10162,0.080592,0.064585,0.035193,0.031317,0.037674,0.027897,0.082619,-0.0070069,-0.065768,-0.1205,-0.079459,0.00036511,0.050141,0.11895,0.096753,0.050354,-0.0079352,0.042097,0.017313,-0.013292,0.007701,-0.048865,-0.11338,-0.079325,-0.033122,-0.0080075,0.10016,0.13701,0.10639,0.031195,-0.03217,-0.0067021,0.063088,0.062358,0.028231,-0.051007,-0.050229,-0.088924,-0.075199,0.042738,0.1113,0.06812,0.12733,-0.030584,-0.071727,-0.022262,0.048786,0.038005,0.039962,0.072628,0.0073422,-0.018017,-0.052221,-0.0025203,0.042406,0.012347,0.089414,0.10053,0.075232,0.082929,0.05127,0.0017557,0.027241,-0.042691,-0.0076989,-0.032203,-0.021415,-0.020315,-0.024747,0.027349,0.051309,0.02866,0.10026,0.068191,0.091166,0.1278,0
0.032722,0.03249,0.014943,-0.031369,-0.051776,-0.024588,0.040778,0.087367,0.064864,-0.027805,-0.12268,-0.11835,-0.012967,0.16104,0.21095,0.14967,-0.073725,-0.20679,-0.19582,-0.045449,0.18824,0.29643,0.2254,0.025356,-0.14816,-0.21653,-0.17384,0.046573,0.26299,0.3322,0.23127,0.055219,-0.13153,-0.1789,-0.12193,-0.014487,0.066274,0.072728,0.029349,-0.006054,0.0080678,0.050915,0.051018,0.011541,-0.048392,-0.095486,-0.092766,-0.038443,0.038922,0.090611,0.10583,0.081223,0.038126,0.0030977,-0.032303,-0.048002,-0.043225,-0.022964,0.006686,0.015318,0.013144,0.028791,0.059261,0.077765,0.066296,0.032104,0.0070991,0.0033535,0.025887,0.041061,0.03292,-0.0042311,-0.024543,-0.0031719,0.037545,0.09597,0.12596,0.092184,0.020585,-0.031736,-0.059145,-0.031309,0.028701,0.074332,0.079416,0.064732,0.034443,0.02385,0.025956,0.017908,0.017409,0.002306,-0.020791,-0.043175,-0.039195,-0.0084045,0.056405,0.08726,0.069154,0.027915,0.0082489,-0.0096347,-0.023445,-0.021129,-0.004494,0.005269,0.0093718,0.010168,0.00076217,-0.007966,-0.012271,-0.0079848,-0.0039722,0.0095974,0.023025,0.029485,0.040793,0.034167,0.043081,0.04826,0.038357,-0.0017578,-0.025926,-0.034174,-0.031349,-0.0039212,0.037612,0.053364,0.050602,0.04962,0.024745,0.021207,0.039235,0.052301,0.0575,0.039334,0.012266,-0.0055805,-0.011422,-0.0047041,0.0068628,0.016669,-0.00028935,-0.011063,-0.0039757,0.020273,0.058284,0.081328,0.093426,0.077027,0.03519,-0.007367,-0.043987,-0.057209,-0.043809,-0.020459,0.0066972,0.0023674,0.0031369,0.011586,0.025884,0
0.044513,0.012909,-0.052245,-0.06694,-0.010078,0.056296,0.10677,0.06388,-0.02747,-0.12222,-0.097337,0.017957,0.15971,0.22288,0.1141,-0.075113,-0.21452,-0.1729,0.032645,0.22672,0.28805,0.14868,-0.050285,-0.17941,-0.19655,-0.11233,0.12579,0.33461,0.32934,0.16796,-0.025489,-0.13904,-0.13634,-0.029044,0.07809,0.11522,0.05768,-0.023634,-0.056637,0.00073255,0.081627,0.10519,0.051457,-0.028181,-0.12522,-0.14876,-0.093792,-0.0058999,0.065484,0.092026,0.066717,0.0018283,-0.056894,-0.067875,-0.03748,-0.0082564,0.019714,0.0078702,-0.022172,-0.033071,-0.0060708,0.036432,0.068489,0.05025,0.0065546,-0.047291,-0.046661,0.00306,0.033406,0.042233,0.014072,-0.030648,-0.032282,0.021559,0.059835,0.086033,0.034721,-0.041655,-0.083102,-0.081713,-0.028311,0.04579,0.10397,0.066958,0.00099739,-0.038467,-0.048126,-0.022342,-0.0064425,-0.0021612,-0.035741,-0.069399,-0.084928,-0.05885,-0.024474,0.024749,0.070882,0.053641,0.0068484,-0.042447,-0.068827,-0.077555,-0.056942,-0.040466,-0.020046,-0.0084522,-0.0091102,-0.028944,-0.049214,-0.062459,-0.062979,-0.03904,-0.018426,0.009548,0.0083276,-0.0046221,-0.029813,-0.027406,-0.027525,-0.017585,-0.018088,-0.03147,-0.048436,-0.072309,-0.087306,-0.071109,-0.027379,0.0081481,0.031021,0.029551,0.0063847,-0.01998,-0.02954,-0.040522,-0.038374,-0.035544,-0.043691,-0.048232,-0.069089,-0.079705,-0.074485,-0.057721,-0.023288,-0.01099,0.0036653,0.0025239,0.0096503,0.009623,0.0017022,-0.018969,-0.038102,-0.056,-0.074921,-0.073982,-0.066319,-0.067139,-0.053777,-0.036256,-0.014246,-0.00079274,0.011675,0
0.026053,-0.0064052,-0.025783,0.0031011,0.040432,0.04516,0.025321,-0.022938,-0.049104,-0.032887,0.045336,0.09581,0.080585,-0.00078331,-0.084776,-0.079169,0.033132,0.14946,0.17703,0.073371,-0.1203,-0.19632,-0.16433,-0.028553,0.16744,0.27143,0.20145,-0.035778,-0.2106,-0.25272,-0.13721,0.079679,0.30858,0.3043,0.16022,-0.038489,-0.1589,-0.16001,-0.067895,0.063328,0.12017,0.084896,0.0030901,-0.026255,0.0043879,0.050189,0.06475,0.010431,-0.059787,-0.097332,-0.10677,-0.057403,0.024256,0.059662,0.072601,0.044207,-0.010831,-0.042938,-0.05589,-0.034929,-0.0042667,-0.0070524,-0.031392,-0.058663,-0.077579,-0.043655,0.027653,0.074932,0.050713,0.0099791,-0.03991,-0.065831,-0.043296,0.00065798,0.0058525,-0.011651,-0.076268,-0.075373,-0.014526,0.055956,0.10887,0.10192,0.0046992,-0.1412,-0.18067,-0.12822,-0.022762,0.092743,0.11096,0.047372,-0.034914,-0.081266,-0.078241,-0.010659,0.037877,0.061587,-0.02021,-0.088475,-0.12733,-0.079827,0.015863,0.083184,0.10221,0.069004,-0.012749,-0.073665,-0.086286,-0.06901,-0.044602,-0.017198,-0.017474,-0.034184,-0.04836,-0.046265,-0.042847,-0.019175,0.0029966,0.0035729,-0.01681,-0.031528,-0.041187,-0.039676,-0.019288,-0.010325,-0.012748,-0.029876,-0.041932,-0.051815,-0.05946,-0.058366,-0.053457,-0.044787,-0.037013,-0.035056,-0.026682,-0.019336,-0.011614,-0.0079762,-0.022851,-0.044087,-0.058521,-0.055917,-0.031005,-0.030914,-0.03811,-0.062689,-0.080953,-0.075853,-0.036167,0.01616,0.039386,0.05054,0.028568,-0.0044285,-0.044496,-0.058377,-0.058565,-0.031522,-0.031119,-0.038662,-0.057566,0
0.028834,-0.019127,-0.046318,-0.024391,0.029175,0.0632,0.049586,-0.001725,-0.050107,-0.070999,-0.01658,0.071248,0.10107,0.020674,-0.073938,-0.10361,-0.025611,0.10976,0.18689,0.12388,-0.055511,-0.18243,-0.18034,-0.075333,0.099051,0.22697,0.22534,0.046348,-0.14654,-0.23382,-0.18179,-0.014342,0.24044,0.30733,0.23258,0.069394,-0.10509,-0.15162,-0.11236,-0.0022508,0.079498,0.096955,0.041271,-0.0029659,0.0042391,0.023307,0.042873,0.031278,-0.020141,-0.071846,-0.093737,-0.077327,-0.011538,0.04401,0.085513,0.097647,0.060554,0.00085851,-0.069467,-0.079267,-0.051901,-0.02954,-0.00090092,0.014308,0.011506,0.022968,0.03788,0.052689,0.042142,0.0078772,-0.013082,-0.034241,-0.011462,0.0079555,0.018521,-0.016316,-0.059937,-0.056723,-0.012966,0.046652,0.099809,0.093588,0.028598,-0.060537,-0.10306,-0.081001,-0.025963,0.027165,0.042942,0.022687,-0.0079629,-0.018183,-0.017843,0.0064043,0.01722,0.025306,-0.0041231,-0.022584,-0.017619,0.012919,0.038663,0.045316,0.049694,0.031746,-0.0016674,-0.023887,-0.023446,-0.015814,-0.0014161,0.011096,0.021562,0.0077813,0.00068551,0.0027805,-0.022244,-0.027625,-0.030477,-0.019281,-0.0029209,0.020935,0.020066,0.011323,0.008761,0.0078372,-0.009235,-0.023678,-0.04147,-0.052697,-0.052651,-0.034833,-0.0085616,0.010972,0.02131,0.013746,0.010156,0.0050513,0.0056935,-0.0053173,-0.022511,-0.033982,-0.03035,-0.023595,-0.010524,-0.0032312,-0.002614,-0.020967,-0.040208,-0.04524,-0.024841,0.018086,0.049857,0.069434,0.048683,0.019837,-0.018277,-0.04937,-0.054197,-0.040949,-0.022601,-0.01464,-0.01499,0
0.011761,0.05877,0.020594,-0.062339,-0.20823,-0.18166,-0.016071,0.11096,0.13302,0.0043347,-0.12631,-0.13357,-0.14062,-0.0014038,0.081229,0.0269,-0.14217,-0.1915,-0.26427,-0.16846,0.028856,0.21346,0.13376,-0.087035,-0.28985,-0.24091,-0.041363,0.15244,0.26644,0.071246,-0.15431,-0.38994,-0.50539,-0.3461,-0.062572,0.15694,0.25601,0.14222,-0.0085788,-0.12137,-0.059401,-0.086622,-0.022067,0.018901,-0.05739,-0.061881,-0.098956,-0.058549,-0.085554,0.0021453,-0.0091254,-0.069254,-0.14348,-0.20146,-0.012126,0.079109,0.078148,0.087911,0.062142,-0.10745,-0.18702,-0.197,-0.13443,-0.14681,-0.054762,-0.025111,-0.078315,-0.1304,0.0045605,0.11165,0.14087,0.097489,-0.0052199,-0.11385,-0.092546,-0.027164,-0.077377,-0.026067,-0.055674,-0.13766,-0.16189,-0.076317,0.070363,0.088161,0.12352,0.018991,-0.032294,-0.076334,-0.025645,0.033934,0.031482,0.09304,0.020138,-0.01604,-0.07041,-0.061103,-0.024492,-0.017197,0.021094,0.038449,0.0086507,-0.030473,0.046781,0.041406,0.0010348,-6.6497e-05,-0.064079,-0.11077,-0.062313,-0.038326,-0.032132,0.030625,0.044647,0.031728,0.028676,-0.00063092,0.0097003,0.061668,0.044703,-4.4367e-05,-0.093443,-0.085951,-0.099377,-0.076131,0.025938,0.095724,0.043995,0.11822,-0.012351,-0.055325,-0.049805,-0.010862,-0.014074,0.014495,0.063151,0.013247,-0.022488,-0.036551,0.029019,0.040497,-0.00066995,0.058331,0.058096,0.050985,0.049405,0.020187,-0.023224,0.018131,-0.040693,-0.026331,-0.03582,-0.054817,-0.03736,-0.015059,0.039357,0.082726,0.024433,0.077965,0.055052,0.05874,0.084636,0
0.053208,0.13391,0.037626,-0.075457,-0.18083,-0.12983,0.03209,0.18915,0.18252,-0.038691,-0.21047,-0.1982,-0.10173,0.13758,0.182,0.023425,-0.24648,-0.33181,-0.26469,-0.069762,0.16308,0.28372,0.18448,-0.072566,-0.25731,-0.2467,-0.13663,0.050702,0.21939,0.13503,0.006155,-0.18968,-0.36141,-0.32174,-0.15589,-0.014264,0.083221,0.10054,0.075593,0.059476,0.071645,0.0079251,-0.03372,-0.037918,-0.12105,-0.13115,-0.14833,-0.13527,-0.1143,0.0058725,0.1041,0.11807,0.047748,-0.099707,-0.056251,-0.096119,-0.08707,-0.032141,0.022046,-0.090782,-0.12274,-0.099771,-0.02975,-0.035171,-0.016,-0.058615,-0.11963,-0.14938,-0.029554,0.052881,0.048768,0.00075246,-0.057279,-0.081685,-0.020093,0.10022,0.041463,0.0078118,-0.09284,-0.21047,-0.23251,-0.14205,0.0035334,0.046722,0.08623,0.0287,0.0072001,0.017359,0.037897,0.00018613,-0.071236,-0.046421,-0.10162,-0.08702,-0.043855,-0.0073273,0.030871,0.027302,0.027018,-0.0076288,-0.045239,-0.086927,-0.038481,-0.070955,-0.10242,-0.057008,-0.038379,-0.0049906,0.034432,0.01484,-0.059655,-0.070262,-0.072719,-0.052192,-0.052802,-0.054521,-0.019165,0.024014,0.0091237,-0.014872,-0.069086,-0.032419,-0.067573,-0.079361,-0.020384,0.0096072,-0.043952,0.041501,-0.06087,-0.10091,-0.079891,-0.018243,-0.028657,-0.024014,0.01036,-0.029047,-0.024132,-0.043322,-0.0092461,0.010777,-0.048334,-0.027664,-0.012152,-0.016943,0.0080879,-0.0097772,-0.023525,-0.005852,-0.06199,-0.070455,-0.087879,-0.069522,-0.057192,-0.060282,-0.031745,-0.0099821,-0.034096,0.038845,0.018985,0.03134,0.034286,0
-0.055497,0.042293,0.055997,-0.0097238,-0.13768,-0.17091,-0.083085,0.07764,0.16366,0.099918,-0.091634,-0.20473,-0.20714,-0.011777,0.18548,0.2271,0.030927,-0.20004,-0.34703,-0.28088,-0.031078,0.24606,0.29843,0.12976,-0.12688,-0.27887,-0.31736,-0.15615,0.1036,0.21956,0.21129,0.05367,-0.18715,-0.2543,-0.20319,-0.10344,0.0093056,0.050428,0.050994,0.04147,0.058399,0.054494,0.053864,0.015974,-0.081435,-0.1212,-0.15266,-0.13032,-0.093364,-0.0090825,0.061434,0.081018,0.056841,-0.013588,-0.042519,-0.090688,-0.076634,-0.027687,0.042979,0.011206,-0.010256,-0.017436,-0.0021024,0.026656,0.065968,0.022377,-0.055973,-0.11856,-0.057693,0.013878,0.065673,0.088825,0.027131,-0.053793,-0.048842,0.032653,0.10878,0.15021,0.08886,-0.040609,-0.13748,-0.13576,-0.045113,0.062529,0.14549,0.13105,0.070004,0.032433,0.016472,0.0091569,0.020133,0.033716,-0.012452,-0.063523,-0.078342,-0.034001,0.037156,0.080462,0.090676,0.064697,0.015978,-0.012526,0.0093078,0.015042,0.015198,0.024716,0.028941,0.036695,0.060615,0.077033,0.041112,0.019153,-0.010648,-0.040291,-0.026131,0.0069401,0.075865,0.10964,0.094877,0.049763,0.014348,0.019155,0.0043857,0.0074903,0.042176,0.071801,0.066581,0.10223,0.066021,0.056494,0.057864,0.058599,0.054654,0.0571,0.046552,0.021428,0.019385,0.01936,0.042571,0.066745,0.041081,0.044906,0.024651,0.019859,0.046233,0.062792,0.085544,0.083319,0.060017,0.034951,0.018626,0.03564,0.028805,0.024128,0.030082,0.012905,-0.0030302,0.028407,0.037721,0.081448,0.11979,0
-0.040042,0.00025306,-0.025594,-0.056403,-0.15237,-0.1048,0.0053681,0.05269,0.015172,-0.070418,-0.11268,-0.062937,-0.081092,-0.089828,-0.11401,-0.18408,-0.15638,-0.023816,0.010468,-0.027636,-0.1073,-0.13143,-0.13313,-0.072066,0.060936,0.15529,0.14219,-0.05329,-0.19344,-0.35775,-0.2901,-0.16378,-0.039373,0.040331,0.046025,-0.0049753,-0.072408,-0.091588,-0.025348,0.042886,0.068727,-0.029539,-0.1144,-0.098088,-0.04474,0.043786,0.0095187,-0.0636,-0.20413,-0.15867,-0.064347,0.027136,0.078033,0.018591,0.063268,0.0048446,-0.055198,-0.057032,-0.013465,-0.10994,-0.14934,-0.11319,-0.061721,-0.064456,0.0062278,0.038076,-0.0029205,-0.036207,0.037474,0.061193,0.05354,0.017366,0.0024251,-0.015755,-0.0015273,0.00098905,-0.073028,-0.016469,0.020697,0.035881,0.026172,0.0034714,-0.012568,-0.075703,-0.032288,0.0014899,0.053598,0.11539,0.11213,0.037917,-0.012875,0.041359,0.048168,0.087552,0.085429,0.05433,-0.0026871,-0.052764,-0.016916,0.034009,0.071105,0.066893,0.12755,0.058939,-0.015124,-0.012685,-0.011268,-0.003148,0.057637,0.087483,0.077685,0.095399,0.096604,0.07575,0.035467,0.0015209,-0.0041391,0.067116,0.06602,0.047762,0.024554,0.050845,0.035343,0.064815,0.13612,0.1522,0.070439,0.10548,-0.029486,-0.049022,-0.027511,0.038653,0.056437,0.069137,0.10925,0.07802,0.082813,0.063868,0.10991,0.11797,0.076921,0.10931,0.099432,0.058996,0.06828,0.025879,0.0094457,0.042499,0.027621,0.054312,0.056664,0.079171,0.081125,0.088778,0.11206,0.11186,0.057347,0.10429,0.065261,0.089701,0.09045,0
0.00049783,-0.0093777,-0.019844,0.002692,0.030502,0.051831,0.045176,0.026091,-0.010694,-0.050874,-0.0021922,0.078678,0.11252,0.051054,-0.057841,-0.11974,-0.036857,0.11304,0.21007,0.13827,-0.064316,-0.20918,-0.22992,-0.13663,0.071691,0.25576,0.30846,0.10187,-0.12873,-0.27864,-0.24553,-0.024978,0.27973,0.36713,0.25917,0.029461,-0.16895,-0.21902,-0.12812,0.015311,0.11586,0.096084,0.030391,-0.013358,0.0051996,0.074195,0.11268,0.057507,-0.058976,-0.14205,-0.18653,-0.1385,-0.037555,0.043384,0.092211,0.097997,0.057364,0.014392,-0.032496,-0.067931,-0.067664,-0.044205,-0.028383,-0.033316,-0.041367,-0.032956,-0.014138,0.0081171,0.015392,0.0028562,-0.031896,-0.049272,-0.032474,0.010625,0.037182,0.027735,-0.056413,-0.084083,-0.08891,-0.050899,0.028626,0.10541,0.10036,-0.031989,-0.13445,-0.17599,-0.11472,0.030811,0.1451,0.15146,0.061845,-0.065196,-0.14469,-0.15853,-0.096565,0.012228,0.080822,0.061994,-0.0043298,-0.046301,-0.061694,-0.028187,0.036006,0.059318,0.030787,-0.033058,-0.087915,-0.11105,-0.11032,-0.063139,-0.027893,-0.0092026,-0.027651,-0.05351,-0.075482,-0.081352,-0.046119,-0.0075783,0.010979,0.0045616,-0.023529,-0.05571,-0.050703,-0.052115,-0.036229,-0.031262,-0.056989,-0.070291,-0.094415,-0.086729,-0.051791,-0.001373,0.018852,0.0040859,-0.016838,-0.054047,-0.054992,-0.042931,-0.031927,-0.047426,-0.067719,-0.065725,-0.032757,-0.011426,0.00017754,-0.011828,-0.050112,-0.069915,-0.080277,-0.047848,-0.0078984,0.03414,0.04769,-0.00032097,-0.057234,-0.10786,-0.12282,-0.075511,-0.032993,-0.0029377,-0.010368,0
-0.03788,0.036717,0.056646,0.028035,-0.05646,-0.083226,-0.048622,0.06181,0.14502,0.14903,0.03194,-0.10423,-0.20063,-0.13222,-0.011502,0.10519,0.15743,0.027174,-0.19867,-0.32821,-0.23722,0.05176,0.29042,0.33574,0.19567,-0.0056353,-0.2077,-0.29234,-0.16613,-0.019899,0.18216,0.2008,-0.024027,-0.17089,-0.25662,-0.24012,-0.097589,0.069632,0.15272,0.12635,0.077725,-0.0056481,0.016305,0.064109,0.040552,-0.0091051,-0.11527,-0.18729,-0.19965,-0.091685,0.045116,0.12329,0.12792,0.063111,0.060059,0.0079835,-0.038509,-0.025572,-0.010937,-0.065781,-0.07235,-0.055727,-0.028797,-0.026161,0.030485,0.033525,-0.014308,-0.072985,-0.032019,0.023927,0.075356,0.10412,0.080515,-0.017011,-0.05686,-0.0053935,0.031185,0.12791,0.1293,0.037555,-0.087876,-0.14183,-0.12869,-0.086236,0.029689,0.10229,0.15073,0.1377,0.10501,0.058879,0.023834,0.018863,-0.0078968,-0.020149,-0.030573,-0.011501,-0.014563,-0.0062906,0.049089,0.08207,0.11917,0.097498,0.091134,0.016546,-0.058372,-0.073877,-0.065014,-0.010995,0.077988,0.12578,0.11244,0.057278,-0.00096519,-0.047698,-0.065276,-0.017069,0.068824,0.12824,0.093329,0.023069,-0.031023,-0.0044881,0.018585,0.05416,0.098611,0.083925,0.010346,0.026219,-0.032329,-0.0504,0.010173,0.059248,0.047369,0.027354,0.032187,0.0053537,0.024062,0.050039,0.087654,0.082409,0.036725,0.029564,0.024812,0.021363,0.040047,0.065761,0.065807,0.053939,-0.0041526,-0.0084667,-0.006115,0.02042,0.045812,0.025266,0.027802,0.015629,-0.0066532,0.047977,0.057902,0.083929,0.11275,0
-0.038028,0.0051975,-0.027974,-0.053411,-0.13083,-0.14404,-0.09479,-0.0023026,0.050512,0.022661,-0.054756,-0.10792,-0.1428,-0.061812,0.017159,0.072571,0.040828,-0.061718,-0.21237,-0.23326,-0.11371,0.078223,0.192,0.13161,-0.060463,-0.20049,-0.27548,-0.15955,0.089089,0.21445,0.18604,-0.027615,-0.32813,-0.37367,-0.24725,-0.067292,0.15519,0.23452,0.18052,0.025736,-0.11212,-0.20636,-0.15376,-0.083377,-0.027466,0.021631,-0.0152,-0.043641,-0.050504,0.017054,0.039109,0.0054695,-0.04129,-0.10867,-0.069727,-0.07151,-0.028525,0.041663,0.06936,0.011952,-0.033558,-0.055142,-0.068007,-0.072573,-0.042172,-0.019724,-0.013235,0.0026728,0.050231,0.093115,0.070814,0.050264,0.013473,-0.047798,-0.049928,-0.0034659,-0.0036301,0.06123,0.054084,-0.023384,-0.10817,-0.094489,-0.0059149,0.11003,0.17847,0.14889,0.086863,-0.010766,-0.04577,-0.043686,-0.016719,0.026161,0.034802,0.0184,-0.0063066,-0.0024934,0.041198,0.080598,0.10595,0.089979,0.059814,0.03656,0.056807,0.032633,0.026564,0.037914,0.018823,0.0048482,0.012289,0.012838,0.00072065,0.039552,0.050279,0.078741,0.094854,0.095821,0.12251,0.1121,0.036052,-0.027982,-0.056317,-0.017941,0.022466,0.062313,0.091384,0.083899,0.036199,0.070993,0.068476,0.07079,0.099137,0.11379,0.066142,0.02977,0.045955,0.029986,0.039418,0.03744,0.048444,0.032701,0.011675,0.049314,0.082526,0.11582,0.13975,0.13117,0.1013,0.078328,0.023044,0.024101,0.018274,0.040536,0.046763,0.039035,0.045232,0.044901,0.050084,0.098855,0.10451,0.10234,0.087338,0
0.030577,-0.022512,-0.04604,-0.010808,0.036289,0.038698,-0.0017715,-0.053449,-0.08584,-0.066449,0.035089,0.10717,0.091089,-0.012617,-0.095145,-0.07672,0.054989,0.1773,0.19498,0.060317,-0.13861,-0.21658,-0.17152,-0.033796,0.1628,0.24776,0.16031,-0.061773,-0.22524,-0.24221,-0.11914,0.10129,0.30297,0.29601,0.15241,-0.022125,-0.14437,-0.15342,-0.067766,0.04478,0.071841,0.030948,-0.045365,-0.060549,-0.0014646,0.077296,0.11774,0.064392,-0.034268,-0.095616,-0.12422,-0.07534,0.013764,0.068214,0.069312,0.040674,-0.025228,-0.082116,-0.094091,-0.057993,-0.0059688,0.0058939,-0.0066046,-0.014589,-0.021908,0.012382,0.051829,0.07323,0.024475,-0.044213,-0.090685,-0.087064,-0.032425,0.02398,0.039795,-0.0094465,-0.056608,-0.062183,-0.0021899,0.057183,0.088857,0.064569,-0.0064024,-0.097857,-0.11816,-0.079502,-0.024586,0.036232,0.054084,0.024674,-0.021235,-0.052451,-0.051623,-0.032503,0.0017509,0.012644,0.014099,-0.0027752,0.0031662,0.0099013,0.017457,0.02533,0.023848,0.0099291,-0.016282,-0.042286,-0.048559,-0.039829,-0.037882,-0.014261,0.0054823,0.0036645,0.0032826,-0.0009701,-0.019158,-0.021122,-0.01665,-0.012411,-0.0037418,0.00033888,-0.0035821,-0.0039024,0.016363,0.012143,-0.01323,-0.039391,-0.0534,-0.060842,-0.054448,-0.030283,0.007097,0.028706,0.02586,0.0093847,-0.015811,-0.03056,-0.02479,-0.014683,-0.012346,-0.0064825,-0.0016295,-0.0023212,-0.0042651,-0.011498,-0.022966,-0.036315,-0.037855,-0.03361,-0.02261,0.010307,0.027918,0.044321,0.033214,0.0090061,-0.010553,-0.035787,-0.04928,-0.04885,-0.028305,-0.014729,-0.011539,0
0.062193,0.081248,0.047221,-0.028509,-0.093472,-0.063354,0.029722,0.040544,0.024511,-0.021772,0.01336,0.03527,-0.0075439,-0.078902,-0.12762,-0.11993,0.019344,0.13384,0.046419,-0.10985,-0.24554,-0.18704,-0.074964,0.11318,0.24447,0.26021,0.095861,-0.14271,-0.28115,-0.32705,-0.1333,0.030491,0.07336,0.023181,-0.057429,-0.11868,-0.12447,-0.061375,0.058698,0.10752,0.086367,-0.01727,-0.056108,-0.029788,0.00097628,0.040918,-0.047548,-0.17621,-0.25473,-0.15738,-0.028518,0.041236,0.050263,0.0040042,0.059546,0.026147,-0.031943,-0.069177,-0.079321,-0.17054,-0.14598,-0.092129,-0.063246,-0.083926,-0.053647,-0.033883,-0.076589,-0.0901,-0.010316,0.036353,0.020155,0.026217,-0.0038606,-0.048408,-0.053467,-0.033129,-0.11593,-0.069874,-0.030877,-0.028266,-0.069713,-0.088508,-0.076227,-0.11141,-0.067749,-0.036534,0.026316,0.052955,0.041022,-0.0019377,-0.04919,-0.048179,-0.083361,-0.056673,-0.034505,-0.040457,-0.057435,-0.08261,-0.048348,-0.040148,-0.022583,-0.042298,0.0088333,-0.037557,-0.072801,-0.061085,-0.12375,-0.12503,-0.0684,-0.010355,-0.0062371,0.025392,-0.0086808,-0.060419,-0.12414,-0.13746,-0.079517,0.0082179,0.016155,0.0025356,-0.074872,-0.10888,-0.10388,-0.070621,0.011916,0.030555,-0.033991,-0.02532,-0.14502,-0.15211,-0.077498,-0.00059136,-0.025776,-0.03334,-0.0099525,-0.055951,-0.097301,-0.079503,-0.0090506,-0.010023,-0.04643,-0.0065942,-0.016228,-0.044336,-0.035418,-0.068542,-0.10133,-0.0955,-0.10513,-0.03376,-0.031409,-0.041617,-0.048086,-0.07742,-0.055354,-0.048361,-0.076991,-0.018455,-0.035507,-0.012898,-0.0021397,0
-0.0097189,0.017149,0.019377,-0.025957,-0.15037,-0.1139,0.0094464,0.10242,0.1246,0.01325,-0.098346,-0.10048,-0.09447,-0.035579,0.032772,0.0034673,-0.094437,-0.15609,-0.22203,-0.17651,0.028983,0.2098,0.1959,0.024664,-0.18401,-0.22088,-0.095557,0.070661,0.18393,0.1202,-0.05018,-0.27409,-0.42482,-0.36318,-0.1402,0.089435,0.2438,0.21254,0.072114,-0.064852,-0.078806,-0.078317,-0.037565,-0.0075835,-0.034436,-0.054675,-0.079054,-0.049756,-0.047464,0.025465,0.042759,-0.028844,-0.10197,-0.14286,-0.032385,0.060559,0.091458,0.096705,0.075208,-0.05886,-0.12769,-0.13108,-0.089991,-0.10396,-0.045236,-0.024008,-0.062075,-0.070703,0.033129,0.11068,0.13843,0.1108,0.024082,-0.070148,-0.078382,-0.025816,0.0049031,0.089416,0.050288,-0.04842,-0.14602,-0.13771,-0.017645,0.092194,0.18236,0.12837,0.039244,-0.055578,-0.062383,-0.009396,0.062493,0.16323,0.10669,0.020219,-0.048921,-0.055239,-0.0073979,0.054341,0.098246,0.088868,0.027576,-0.036938,0.0045488,0.0035689,0.023988,0.080138,0.06178,-0.0070043,-0.011039,-0.018302,-0.041405,0.020986,0.059178,0.066888,0.060663,0.061019,0.051697,0.07388,0.045196,0.0022795,-0.024347,0.0056065,-0.012092,0.0084686,0.060122,0.10195,0.073053,0.11822,0.052351,0.0019309,-0.010127,-0.0089041,-0.014069,0.016818,0.076339,0.073798,0.053566,0.0094742,0.042329,0.060033,0.058539,0.091416,0.088008,0.071253,0.075044,0.052052,0.029393,0.02668,-0.0142,-0.0091142,-0.018237,-0.01343,-0.010378,0.024374,0.089288,0.11374,0.075707,0.089444,0.05054,0.069365,0.085006,0
-0.012589,-0.00034777,0.046258,0.046222,-0.015557,-0.056512,-0.012945,0.076342,0.13552,0.11263,-0.0013616,-0.075617,-0.081807,0.071267,0.19703,0.21777,0.094023,-0.033802,-0.19324,-0.18526,-0.044717,0.17593,0.26521,0.1694,-0.056314,-0.20295,-0.26048,-0.12684,0.15551,0.32116,0.33731,0.20654,-0.047031,-0.18094,-0.22959,-0.1726,-0.037535,0.032422,0.049841,0.018043,0.024407,0.054596,0.11368,0.12391,0.045893,-0.020735,-0.089809,-0.11958,-0.12749,-0.039446,0.02743,0.07635,0.039937,-0.042185,-0.053554,-0.058003,-0.018681,0.074075,0.13298,0.072126,-0.0094115,-0.075387,-0.08977,-0.034684,0.040486,0.086097,0.044187,-0.06252,-0.087399,-0.080325,-0.042925,0.025884,0.035211,-0.0089434,-0.035666,0.0025892,0.02098,0.092186,0.082805,-0.010649,-0.13431,-0.17566,-0.14521,-0.06678,0.049215,0.093893,0.070088,7.7645e-05,-0.048345,-0.056037,-0.034358,0.010354,-0.0027721,-0.049042,-0.1049,-0.13565,-0.12968,-0.091433,0.014143,0.068663,0.06115,0.0064253,-0.017935,-0.060189,-0.093302,-0.065232,-0.062941,-0.070691,-0.056233,-0.06926,-0.077385,-0.084545,-0.071472,-0.042854,-0.019178,-0.027736,-0.03211,-0.037204,-0.043409,-0.049064,-0.062199,-0.058365,-0.071387,-0.11249,-0.11311,-0.074239,-0.053092,0.024615,-0.0026891,-0.021757,-0.052277,-0.071962,-0.09863,-0.061962,-0.0093523,-0.00096178,-0.025401,-0.072247,-0.095998,-0.1115,-0.099536,-0.067114,-0.05155,-0.063491,-0.056155,-0.051575,-0.031451,-0.01266,-0.01542,0.0052522,-0.017886,-0.059595,-0.10084,-0.11581,-0.10182,-0.090928,-0.11082,-0.086698,-0.071785,-0.040338,0.014627,1
-0.03744,-0.029837,0.046798,0.11219,0.10156,0.020078,-0.053176,-0.059471,0.0083746,0.14552,0.2089,0.1737,0.021028,-0.14792,-0.21063,-0.12056,0.13436,0.31195,0.30412,0.11447,-0.16454,-0.28288,-0.24596,-0.058456,0.17689,0.29417,0.30232,0.14921,-0.039625,-0.18575,-0.15275,-0.014603,0.14394,0.13222,0.062579,-0.04718,-0.083137,-0.0082977,0.097012,0.15237,0.11711,-0.0084625,-0.10099,-0.11554,-0.062576,0.057808,0.14865,0.15904,0.084353,-0.0064349,-0.070541,-0.08168,-0.049611,0.0013239,0.044398,0.027376,0.0054187,0.010895,0.040015,0.065708,0.057413,0.0096253,-0.05444,-0.074061,-0.052846,-0.011874,0.010303,-0.021453,-0.054877,-0.070508,-0.058132,0.0094562,0.08873,0.11818,0.097198,0.023881,-0.073207,-0.098069,-0.086577,-0.066872,-0.035874,-0.012762,-0.0037976,-0.015459,0.0014148,0.018627,0.052073,0.064094,0.05571,0.022872,-0.027592,-0.04416,-0.06754,-0.048014,-0.015248,0.011013,0.0023248,-0.034741,-0.061489,-0.075938,-0.057328,-0.023796,0.038391,0.088056,0.088268,0.04212,-0.034568,-0.099081,-0.12955,-0.11682,-0.080263,-0.043234,-0.031869,-0.018266,-0.030723,-0.030858,-0.0027612,0.031329,0.059548,0.02716,-0.023329,-0.068079,-0.10771,-0.13013,-0.10439,-0.053801,-0.013978,0.011727,-0.0026373,-0.028053,-0.058085,-0.053477,-0.04035,0.0044965,0.032325,0.013128,-0.013387,-0.074514,-0.11182,-0.109,-0.082761,-0.022506,0.02565,0.050941,0.049976,0.030753,-0.025662,-0.052648,-0.071398,-0.06037,-0.030408,0.00014894,-0.023764,-0.046789,-0.072839,-0.069514,-0.04985,0.0052728,0.031539,0.040158,0.012726,1
0.017399,0.017433,0.012281,-0.0075303,-0.030857,-0.050572,-0.027513,0.021857,0.058208,0.052775,-0.019103,-0.103,-0.12079,-0.020571,0.14242,0.23897,0.18309,0.018646,-0.18315,-0.23572,-0.098469,0.13793,0.28238,0.25285,0.057536,-0.11742,-0.24514,-0.23186,-0.022262,0.25239,0.36986,0.29256,0.052049,-0.12703,-0.21132,-0.1752,-0.040872,0.072176,0.084468,0.037533,0.00043971,0.0087783,0.065666,0.073456,0.044509,-0.03457,-0.10218,-0.12682,-0.067718,0.019351,0.087447,0.10963,0.079812,0.021739,-0.012458,-0.026306,-0.01445,0.0035995,0.035771,0.040346,0.017647,-0.0084122,-0.0085129,0.027774,0.079263,0.10949,0.097246,0.04486,0.0075302,-0.0079789,-0.0035373,0.013025,0.014418,-0.0026371,-0.017275,0.010727,0.059268,0.10838,0.12207,0.08428,0.0018746,-0.059731,-0.088485,-0.035572,0.056131,0.10752,0.10044,0.057776,0.015944,-0.0043204,0.010157,0.031431,0.045648,0.021839,-0.011435,-0.043645,-0.040371,0.0025198,0.082461,0.11989,0.10396,0.06217,0.0020431,-0.052052,-0.074666,-0.051845,-0.015008,0.027901,0.057495,0.04813,0.027798,-0.0026774,-0.004863,-0.0073728,0.0099551,0.039972,0.061477,0.049547,0.021735,-0.0024741,-0.0048673,0.002507,0.013777,0.02822,0.028204,0.028259,0.010709,0.0073617,0.011308,0.012625,0.032765,0.029438,0.039513,0.033822,0.032476,0.025364,0.0095913,0.012429,0.021637,0.046421,0.052156,0.048324,0.020186,-0.012629,-0.030562,-0.028911,0.0065933,0.064813,0.096477,0.096641,0.053606,0.00066615,-0.032524,-0.037605,-0.004451,0.02634,0.027937,0.015678,-0.0066404,-0.01682,-0.0014054,1
-0.10304,-0.00095464,0.022336,-0.025796,-0.273,-0.3507,-0.15991,0.10161,0.22573,0.12448,-0.14503,-0.32757,-0.3987,-0.1736,0.047865,0.14563,-0.0019208,-0.12303,-0.33948,-0.43916,-0.34025,-0.0094892,0.20919,0.23984,0.079798,-0.074531,-0.20139,-0.24158,-0.13806,-0.13099,-0.077117,-0.15406,-0.25442,-0.23099,-0.15964,-0.082994,0.036566,0.034989,0.020792,-0.013448,-0.018436,-0.10177,-0.12167,-0.050889,-0.044435,0.011984,-0.032676,-0.087957,-0.23161,-0.19325,-0.096224,0.015074,0.046166,-0.02558,0.037514,-0.014054,-0.07251,-0.0058771,0.064014,-0.049697,-0.16236,-0.19733,-0.12907,-0.0995,-0.023597,0.0050457,-0.031249,-0.10072,0.0068426,0.12085,0.14031,0.090829,0.0034765,-0.10013,-0.10488,-0.060396,-0.066663,0.093289,0.10783,-0.010402,-0.084384,-0.065911,-0.011048,0.010494,0.094384,0.058496,0.015648,0.0064288,0.023924,0.034055,0.035592,0.11375,0.067666,0.02225,-0.016517,0.040628,0.059405,0.029908,0.062242,0.061221,0.027218,-0.0060224,0.1006,0.092158,0.034753,0.016071,-0.018015,-0.044076,0.024459,0.082233,0.10975,0.13335,0.11835,0.11242,0.065054,0.0020526,-0.0061054,0.080109,0.097098,0.06239,0.001159,0.045887,0.024075,0.011542,0.08196,0.14708,0.082043,0.18392,0.077881,0.030004,0.039645,0.058169,0.0503,0.051323,0.079152,0.052508,0.07531,0.0447,0.081008,0.10384,0.088944,0.1492,0.16818,0.16173,0.15552,0.10627,0.010666,0.024941,-0.023229,0.013434,0.039246,0.10301,0.10375,0.069008,0.10595,0.14894,0.096586,0.17466,0.14502,0.14167,0.1168,1
-0.075633,-0.029212,0.029235,0.050927,-0.040636,-0.074634,-0.024597,0.023552,0.059049,0.032009,-0.0072763,0.027355,0.0114,0.0085898,-0.034347,-0.12262,-0.16238,-0.065352,0.0038443,0.04198,-0.044406,-0.13052,-0.17722,-0.17648,-0.062839,0.11035,0.26461,0.20599,0.059511,-0.22443,-0.36441,-0.31085,-0.097745,0.057038,0.11875,0.056961,-0.12121,-0.2075,-0.1498,0.017865,0.16241,0.13389,0.050027,-0.012495,-0.099182,-0.013222,0.012919,-0.00036897,-0.10264,-0.14436,-0.14377,-0.10937,-0.019445,0.072262,0.13865,0.084398,-0.023741,-0.033402,0.0063382,-0.022656,-0.030097,-0.070072,-0.084577,-0.11055,-0.098363,-0.1061,-0.09747,-0.0605,0.046457,0.06293,0.048451,0.013377,0.013672,-0.019741,0.0098111,0.01999,-0.036082,-0.0045487,0.011949,-0.04342,-0.10031,-0.063407,-0.027586,-0.041201,-0.030309,-0.049473,-0.0087027,0.079002,0.13458,0.12714,0.046886,0.0044394,-0.073506,-0.06399,-0.034276,0.016765,0.029806,0.0067782,0.0018802,-0.012813,-0.0064102,0.016868,0.1291,0.10138,0.042873,-0.029643,-0.1161,-0.11335,-0.032484,0.045064,0.050611,0.061273,0.05567,0.013609,-0.022163,-0.041707,-0.013,0.063449,0.059807,0.02925,-0.041014,-0.036692,-0.029695,0.0041586,0.046134,0.069016,0.027419,0.073998,-0.010069,-0.036095,-0.017176,0.012578,-0.0060336,0.019892,0.050285,0.017049,0.0040842,-0.012732,0.033952,0.033467,0.013202,0.045868,0.048126,0.075858,0.086856,0.093268,0.052356,0.0063272,-0.037814,-0.036185,-0.055539,-0.019978,0.026666,0.038431,0.032034,0.03011,-0.0043033,0.049843,0.065245,0.09425,0.10588,1
0.011262,-0.0083573,-0.012655,-0.016963,0.02575,0.061211,0.079265,0.031223,-0.02996,-0.088006,-0.04294,0.063956,0.18618,0.18716,0.050594,-0.12447,-0.20671,-0.11017,0.10551,0.27145,0.24732,0.05635,-0.14465,-0.25573,-0.23132,-0.10574,0.15229,0.36137,0.3394,0.11002,-0.12077,-0.18953,-0.11937,0.0084346,0.10713,0.090999,-0.018445,-0.095583,-0.070473,0.011498,0.11857,0.13167,0.05965,-0.028872,-0.098469,-0.091733,-0.025309,0.017678,0.029783,0.049102,0.018444,-0.0057566,-0.045343,-0.057275,-0.050211,-0.036105,-0.012286,0.0016127,0.0054641,0.0054006,0.020909,0.044899,0.053465,0.020539,-0.0082951,-0.053504,-0.058183,-0.047214,-0.02534,-0.022661,-0.034211,-0.028757,-0.0077104,0.027847,0.053859,0.081616,0.041046,-0.014944,-0.079745,-0.10911,-0.089712,-0.035472,0.02403,0.048745,0.02973,0.001899,-0.012384,-0.0065892,0.0076101,-0.00093608,-0.019906,-0.042699,-0.084634,-0.092452,-0.069574,-0.016579,0.038087,0.04338,0.031279,-0.0083158,-0.039267,-0.065427,-0.064641,-0.048667,-0.038079,-0.016112,-0.022,-0.027675,-0.044589,-0.069945,-0.082465,-0.077662,-0.069594,-0.0212,0.0078463,-0.0054722,-0.02303,-0.019335,-0.022366,-0.012884,-0.034198,-0.045622,-0.065359,-0.084728,-0.094754,-0.071994,-0.050848,-0.0074424,0.017988,0.0085634,-0.0085289,-0.028335,-0.037792,-0.032251,-0.023587,-0.021667,-0.024256,-0.036799,-0.049686,-0.077637,-0.10303,-0.11065,-0.083852,-0.037199,0.024214,0.055772,0.053435,0.042562,-0.00011394,-0.04951,-0.075578,-0.070779,-0.079189,-0.08134,-0.077483,-0.087097,-0.093678,-0.056377,-0.01644,0.013542,0.037501,1
0.028196,0.07535,0.033455,-0.06143,-0.12357,-0.08018,0.10706,0.24359,0.23441,0.068089,-0.18958,-0.28166,-0.17298,0.14306,0.27346,0.24049,-0.012531,-0.19919,-0.34386,-0.28315,-0.034693,0.22612,0.30539,0.21458,0.016332,-0.13385,-0.17208,-0.019648,0.13734,0.1294,0.083293,-0.036369,-0.14528,-0.13833,-0.05721,0.037744,0.10066,0.032558,-0.044017,-0.093638,-0.089349,-0.0030072,0.14763,0.21646,0.20667,0.16068,0.043994,-0.075739,-0.19047,-0.17639,-0.085227,0.029,0.041415,0.0014081,0.0040771,0.016474,0.092051,0.18102,0.1745,0.083614,-0.015989,-0.058284,-0.051793,-0.034426,-0.0052765,-0.032297,-0.089711,-0.12781,-0.055525,0.057506,0.14166,0.17031,0.11311,-0.0053894,-0.073494,-0.043906,0.0064673,0.093665,0.086481,0.0093841,-0.080468,-0.11314,-0.10698,-0.034418,0.065342,0.095494,0.078403,0.044403,0.017709,0.027473,0.072834,0.11828,0.10698,0.03752,-0.034085,-0.072643,-0.11197,-0.10521,0.0013391,0.078443,0.10328,0.065521,0.032128,-0.01562,-0.030422,-0.013582,0.00042784,0.0074481,0.01446,-0.0086994,-0.032449,-0.038511,-0.0291,0.029792,0.064088,0.057727,0.0096521,-0.021931,-0.031676,-0.012551,0.015818,0.024657,0.016517,-0.014571,-0.0012818,0.0076843,0.016502,0.050142,0.017588,-0.00013674,-0.0047779,0.00056211,-0.014876,0.0081207,0.024231,0.0029584,-0.028195,-0.06442,-0.021155,0.039152,0.075161,0.10282,0.090065,0.061157,0.028331,-0.013719,-0.020939,-0.024487,-0.026881,-0.0059644,-0.014699,-0.035778,-0.04199,-0.029005,0.035399,0.067899,0.053261,0.030381,-0.0086603,-0.036784,-0.012703,1
-0.1585,-0.051899,0.07625,0.12577,-0.10483,-0.28641,-0.24492,-0.03893,0.17686,0.27165,0.11371,-0.11875,-0.35052,-0.33514,-0.18301,0.030844,0.20104,0.21689,-0.063277,-0.37548,-0.50752,-0.3036,-0.037191,0.22356,0.31462,0.22377,0.043684,-0.14873,-0.20463,-0.2553,-0.12916,-0.06352,-0.069651,-0.13252,-0.16651,-0.16189,-0.052099,0.03214,0.09851,0.06073,0.036454,-0.06153,-0.084477,-0.044948,-0.030316,0.039897,0.018552,-0.037827,-0.19625,-0.18975,-0.11909,-0.014508,0.055402,0.030653,0.046872,-0.032406,-0.088787,-0.013975,0.11268,0.056708,-0.056202,-0.13353,-0.18136,-0.18499,-0.053424,0.023193,-0.017008,-0.12054,-0.064732,0.0037436,0.084601,0.19369,0.17678,0.031668,-0.067198,-0.13795,-0.17071,-0.011001,0.11023,0.070246,-0.031569,-0.069248,-0.072735,-0.09404,0.017317,0.073836,0.11534,0.10893,0.076617,0.013628,-0.0083944,0.046816,0.017454,0.001091,-0.030719,-0.018617,-0.0094833,-0.016397,0.035223,0.046165,0.055497,0.031778,0.11728,0.098343,0.028365,0.003212,-0.07018,-0.1104,-0.032955,0.037392,0.056,0.078137,0.06057,0.041215,0.0017801,0.011655,0.051227,0.13109,0.10841,0.032442,-0.06126,-0.039237,-0.065932,-0.026585,0.066904,0.12311,0.073946,0.14909,0.021199,-0.025213,-0.0010452,0.051048,0.045864,0.062024,0.087412,0.045387,0.023023,-0.040058,0.0076023,0.033607,0.028234,0.10424,0.11772,0.10285,0.12911,0.097192,0.058233,0.047605,0.010299,0.0075339,-0.022685,-0.012636,-0.040211,-0.02161,0.04609,0.11204,0.10045,0.16424,0.12093,0.11246,0.10077,1
0.0013355,0.093777,0.13025,0.086514,-0.080612,-0.14708,-0.0098846,0.19293,0.31827,0.26938,0.070546,-0.13445,-0.20521,-0.088392,0.077289,0.23182,0.22501,0.10671,-0.12182,-0.26362,-0.2565,-0.040002,0.18173,0.3132,0.25241,0.15558,0.036284,-0.040528,-0.058712,-0.049319,0.045202,0.061404,-0.020289,-0.097317,-0.10031,-0.035992,0.046824,0.081991,0.09111,0.030869,0.016359,0.010171,0.030803,0.072773,0.10266,0.10672,0.065107,-0.036194,-0.14006,-0.13087,-0.042874,0.041934,0.081083,0.055358,0.061689,0.04601,0.072636,0.096667,0.11016,0.053458,-0.066898,-0.117,-0.087443,-0.022713,0.042936,0.019577,-0.066523,-0.1382,-0.08971,0.026251,0.11809,0.14418,0.083804,-0.03579,-0.090589,-0.089443,-0.053719,0.065706,0.099659,0.04954,-0.059355,-0.12609,-0.12835,-0.074584,0.042997,0.076079,0.074613,0.04159,0.01282,0.0069599,0.010939,0.039049,0.014937,-0.02584,-0.058505,-0.083879,-0.086464,-0.072137,0.0086579,0.036934,0.041505,0.027918,0.063616,0.040405,-0.00015378,-0.044716,-0.11628,-0.13636,-0.093944,-0.025428,0.0045325,0.015805,0.017159,-0.0068347,-0.039678,-0.052386,-0.046994,0.0052851,-0.009953,-0.019026,-0.073909,-0.10841,-0.12301,-0.066456,0.0081122,0.056019,0.033709,0.023281,-0.069697,-0.10122,-0.097191,-0.056206,-0.028675,-0.019106,-0.0048272,-0.028663,-0.074709,-0.10422,-0.068157,-0.022133,-0.0055334,0.030185,0.044283,0.030267,0.036749,0.0037317,-0.036936,-0.067339,-0.086456,-0.078235,-0.076227,-0.05739,-0.060795,-0.040851,0.0070734,-0.0040057,-0.01901,0.023174,0.015138,0.0251,0.0042597,1
-0.12053,-0.028579,0.077475,0.07866,-0.031214,-0.14431,-0.20707,-0.14684,0.020986,0.15715,0.16133,0.026645,-0.1961,-0.31231,-0.26882,-0.11783,0.13696,0.2219,0.057944,-0.16527,-0.378,-0.35901,-0.19588,0.080986,0.25847,0.28969,0.13805,-0.10636,-0.25455,-0.304,-0.16041,-0.035561,-0.034856,-0.10114,-0.1598,-0.16775,-0.080902,0.052531,0.15064,0.12482,0.045126,-0.096315,-0.15564,-0.10757,-0.033607,0.058212,0.065066,-0.015239,-0.12606,-0.11663,-0.06086,0.0023424,0.040636,0.013202,0.020144,-0.011771,-0.074256,-0.021904,0.064711,0.056713,-0.01335,-0.061138,-0.10286,-0.10747,-0.027418,0.035161,0.023768,-0.054252,-0.059966,-0.03629,0.041637,0.11618,0.16103,0.10028,0.035469,-0.035407,-0.081226,-0.018076,0.06141,0.073058,0.017508,-0.025908,-0.058203,-0.086222,0.0015746,0.075916,0.12462,0.13505,0.092247,0.040732,0.00076586,0.045478,0.052371,0.083494,0.078906,0.063175,0.031537,0.0006975,0.0011705,0.024075,0.04415,0.031295,0.11411,0.11348,0.096241,0.070966,0.019546,-0.0089558,0.026864,0.073041,0.082128,0.10817,0.097563,0.05184,0.020462,0.01166,0.02755,0.11486,0.13002,0.10093,0.034082,0.025099,0.028067,0.065339,0.12331,0.1479,0.084449,0.084885,-0.00028028,-0.0042116,0.020688,0.0668,0.097139,0.096575,0.1227,0.085309,0.066119,0.03795,0.064614,0.065838,0.054362,0.086785,0.10735,0.12007,0.13119,0.11661,0.067271,0.056765,0.0092058,0.040376,0.04568,0.050724,0.066362,0.072756,0.07173,0.085065,0.066276,0.1247,0.13387,0.13968,0.1175,1
-0.019176,0.044213,0.07971,0.045738,-0.10662,-0.16564,-0.054688,0.10479,0.17166,0.10311,-0.060073,-0.14238,-0.12538,0.032453,0.12062,0.11792,-0.034879,-0.16759,-0.28516,-0.26326,-0.08353,0.17154,0.23385,0.16318,-0.039219,-0.17805,-0.18931,-0.042607,0.10266,0.14184,0.13162,-0.022218,-0.2377,-0.32962,-0.30173,-0.2047,-0.035577,0.07332,0.10746,0.075298,0.073606,0.039952,0.05326,0.031266,-0.048219,-0.0803,-0.11959,-0.15387,-0.17985,-0.088025,-0.0045479,0.051818,0.048242,-0.015203,0.00064989,-0.01271,-0.021606,0.021346,0.034963,-0.041517,-0.12733,-0.15571,-0.11162,-0.049572,0.015222,0.0057793,-0.066527,-0.15211,-0.11571,-0.022703,0.038867,0.086313,0.073302,-0.011502,-0.033586,-0.0043641,-0.015637,0.05557,0.042893,-0.042017,-0.15787,-0.1632,-0.14484,-0.08118,0.055567,0.09463,0.11526,0.078329,0.031615,-0.00049024,-0.018606,0.015852,-0.026205,-0.036709,-0.060584,-0.065206,-0.040325,-0.041502,0.054552,0.076725,0.041501,-0.0011384,0.00062426,-0.025394,-0.048131,-0.035564,-0.043649,-0.045051,-0.0058131,-0.0066334,-0.023547,-0.018012,-0.021419,0.0082982,-0.010018,-0.020041,-0.02942,0.023714,0.01519,0.011366,-0.030822,-0.025523,-0.049166,-0.062432,-0.034128,0.010483,0.018568,0.067222,0.01465,-0.018579,-0.026394,-0.014218,-0.026726,-0.021308,0.011282,-0.0047413,-0.012457,-0.032935,-0.0073701,-0.0054133,-0.027876,0.022002,0.033049,0.035879,0.039919,0.031194,0.0017565,0.0027251,-0.028965,-0.012565,-0.020933,-0.030538,-0.051033,-0.057822,-0.056651,-0.033795,-0.044038,0.030006,0.056516,0.068309,0.077132,1
-0.014853,-0.14275,-0.21406,-0.13622,-0.019896,0.11798,0.19646,0.091778,-0.093551,-0.2766,-0.27657,-0.055176,0.20694,0.39127,0.27179,-0.047432,-0.34867,-0.35906,-0.18245,0.078467,0.27553,0.27657,0.089732,-0.14061,-0.26781,-0.23451,-0.065842,0.14641,0.22112,0.089399,-0.02543,-0.043286,0.026755,0.13295,0.11495,-0.011165,-0.16871,-0.24572,-0.19131,-0.048308,0.13774,0.20028,0.16745,0.10346,-0.0070302,-0.038502,-0.04471,-0.036269,-0.062738,-0.049766,-0.053081,-0.050304,-0.029344,0.0049894,0.11496,0.13895,0.10332,0.073764,0.055277,0.0022349,-0.024127,-0.017471,0.0040348,-0.042075,-0.021837,0.014497,0.059989,0.090001,0.14105,0.1137,0.058571,0.00067056,-0.022473,-0.013283,0.024936,0.061238,0.031289,0.057085,0.05393,0.04507,0.05617,0.09393,0.11803,0.068529,0.048659,0.0168,0.03633,0.08607,0.1552,0.15007,0.098754,0.063876,-0.00027548,-0.036902,-0.039903,-0.032318,0.024667,0.055351,0.12553,0.15417,0.15276,0.097057,0.092594,0.06035,0.018081,0.017465,0.028301,0.020551,0.03745,0.034311,0.023988,0.076155,0.11706,0.13347,0.10832,0.080351,0.030445,0.06063,0.056378,0.058169,0.041616,0.068277,0.048419,0.01611,0.044048,0.065831,0.05646,0.1277,0.073416,0.085354,0.087182,0.095818,0.086484,0.072493,0.075176,0.032052,0.052046,0.038526,0.053716,0.087777,0.066169,0.097981,0.094379,0.079753,0.085379,0.067255,0.056006,0.096037,0.095597,0.10968,0.096549,0.091583,0.068891,0.034635,0.051188,0.07441,0.054401,0.09097,0.085741,0.091431,0.076816,1
-0.06948,-0.041125,-0.058362,-0.10124,-0.25189,-0.22937,-0.075573,0.071697,0.084,-0.061814,-0.23477,-0.22174,-0.10855,0.14438,0.21363,0.078606,-0.21433,-0.32006,-0.30421,-0.1744,0.070634,0.21194,0.13276,-0.11357,-0.30009,-0.31075,-0.18712,0.092758,0.34813,0.29307,0.13344,-0.084729,-0.27445,-0.28947,-0.20213,-0.087276,0.025325,0.023749,0.0043031,0.024751,0.088488,0.063501,0.018704,-0.037104,-0.1382,-0.12902,-0.12338,-0.093581,-0.12103,-0.057152,0.02486,0.076221,0.077162,-0.01973,0.0064986,-0.054225,-0.067271,-0.004788,0.060587,-0.021142,-0.067767,-0.080887,-0.020441,-0.022117,0.052809,0.051911,-8.9857e-06,-0.063136,0.014401,0.072501,0.063759,0.057006,0.033618,-0.0085832,0.024265,0.078389,0.01133,0.043596,-0.0076549,-0.052159,-0.06767,-0.0012236,0.083425,0.13268,0.16395,0.12868,0.10597,0.06953,0.067982,0.044421,0.0060414,0.0040004,-0.051606,-0.090064,-0.069383,0.021575,0.12483,0.16039,0.21616,0.18487,0.12132,0.05244,0.055057,0.0046242,-0.017502,-0.0010289,-0.0078929,-0.014056,0.033605,0.055856,0.027223,0.038984,0.057306,0.10912,0.12278,0.11044,0.1184,0.14919,0.10771,0.070193,0.013356,0.010965,-0.046857,-0.031437,0.022014,0.086033,0.075686,0.1761,0.13341,0.10995,0.10323,0.1209,0.11071,0.12565,0.16166,0.11146,0.064558,-0.010363,0.0047041,0.03608,0.045355,0.097919,0.13301,0.12412,0.13,0.12774,0.13114,0.17825,0.16438,0.1748,0.09075,0.046356,-0.043109,-0.05295,-0.0047819,0.056893,0.067157,0.16439,0.17589,0.16681,0.16111,1
-0.038684,0.087815,0.14858,0.079209,-0.092189,-0.17709,-0.070778,0.1523,0.30547,0.27989,0.048715,-0.17849,-0.26928,-0.16015,0.099525,0.33303,0.36419,0.15177,-0.18357,-0.34905,-0.32374,-0.04987,0.24852,0.40685,0.31346,0.13423,-0.063917,-0.16819,-0.12546,0.050309,0.18731,0.18398,0.0065862,-0.13001,-0.17927,-0.10665,0.057586,0.1406,0.13141,0.021733,-0.072489,-0.11493,-0.064026,0.032143,0.15005,0.19841,0.13312,-0.0066334,-0.13088,-0.1527,-0.09803,-0.00040476,0.048387,0.030841,-0.013365,-0.0096351,0.048852,0.11549,0.14876,0.10157,-0.021957,-0.06596,-0.037374,0.021252,0.052599,0.011906,-0.086645,-0.15697,-0.13071,-0.032202,0.094066,0.16507,0.1097,-0.0037885,-0.075799,-0.096016,-0.046253,0.052419,0.087472,0.042113,-0.047495,-0.097015,-0.11198,-0.059062,0.04143,0.099414,0.095018,0.037459,-0.0081562,-0.022073,-0.014188,0.015387,0.02521,-0.0010407,-0.02455,-0.06799,-0.098773,-0.093847,-0.069326,-0.011021,0.027609,0.046614,0.061805,0.045063,-0.0075807,-0.054584,-0.09343,-0.087997,-0.079276,-0.044086,-0.037562,-0.030562,-0.014437,-0.0040077,-0.0080421,-0.018675,-0.037331,-0.049505,-0.041672,-0.033533,-0.034217,-0.041979,-0.055612,-0.057404,-0.047655,-0.026848,-0.0038697,0.0054778,-0.0029054,-0.018311,-0.025394,-0.018955,-0.0044856,-0.008711,-0.019212,-0.05672,-0.088362,-0.096145,-0.082664,-0.055683,-2.0848e-05,0.046196,0.075675,0.054579,0.025538,-0.014926,-0.059988,-0.080137,-0.07484,-0.076507,-0.079504,-0.080686,-0.062118,-0.043639,-0.026599,0.0005303,0.025199,0.032837,0.024313,-0.016262,-0.051385,1
-0.066694,0.082144,0.12875,-0.0034885,-0.23873,-0.30849,-0.15189,0.095967,0.26525,0.16338,-0.15508,-0.36642,-0.3925,-0.11333,0.13658,0.25925,0.12427,-0.082658,-0.38028,-0.45592,-0.30976,0.0017099,0.23186,0.29242,0.12457,-0.055519,-0.19337,-0.21317,-0.10745,-0.069009,-0.016846,-0.05167,-0.15216,-0.19037,-0.13489,-0.049945,0.0036972,-0.035477,-0.040396,-0.054007,-0.027379,-0.041867,-0.0012155,0.054671,0.030973,0.023549,-0.034295,-0.11704,-0.23067,-0.15337,-0.050357,0.028104,0.039298,-0.03025,0.0068429,-0.032274,-0.046175,0.024121,0.089373,0.00044279,-0.085123,-0.091895,-0.062943,-0.050459,-0.0040976,-0.052115,-0.12454,-0.16606,-0.018091,0.11716,0.16945,0.14304,0.030789,-0.10187,-0.10234,-0.018435,0.01143,0.12414,0.12453,0.019352,-0.11103,-0.10122,-0.04062,-0.018346,0.062981,0.047112,0.022331,0.025807,0.054532,0.099209,0.09684,0.12373,0.065315,0.0030539,-0.030343,-0.012748,0.011278,-0.019928,0.027298,0.04947,0.045741,0.037281,0.1212,0.11349,0.060723,0.0067618,-0.044048,-0.0413,0.03224,0.093188,0.097025,0.079123,0.042758,0.01913,0.021443,0.018257,0.034757,0.11035,0.10207,0.062237,-0.0038773,0.031939,0.041134,0.057043,0.096821,0.11299,0.034771,0.06719,0.0028982,0.0062912,0.048891,0.078523,0.060644,0.048362,0.066914,0.028307,0.049156,0.069205,0.10991,0.11113,0.067428,0.07092,0.050351,0.071979,0.11276,0.09122,0.05751,0.059333,-0.0015317,0.013769,0.020416,0.065621,0.077963,0.069464,0.091876,0.10094,0.029171,0.072942,0.080898,0.11796,0.10139,1
-0.20166,-0.10727,0.013678,0.074189,-0.023844,-0.15709,-0.17272,-0.094544,0.046666,0.16318,0.19775,0.11214,-0.13257,-0.29102,-0.29771,-0.21605,0.046551,0.22329,0.11829,-0.12372,-0.40872,-0.40938,-0.24588,-0.0071031,0.20359,0.31403,0.267,0.052616,-0.099967,-0.2937,-0.23751,-0.13647,-0.099874,-0.10049,-0.13509,-0.16148,-0.09343,0.0054574,0.1596,0.19677,0.15589,-0.033038,-0.14717,-0.11533,-0.041863,0.10355,0.096361,0.0056808,-0.15568,-0.19837,-0.15249,-0.068779,0.058748,0.071475,0.12017,0.043817,-0.031119,-0.0025718,0.10553,0.067378,-0.0085441,-0.10113,-0.13785,-0.16309,-0.10379,-0.03828,-0.011709,-0.018074,0.021989,0.01417,0.031185,0.11489,0.18732,0.14561,0.08776,-0.018638,-0.16577,-0.072229,0.011651,0.046859,0.0068117,0.027726,0.033151,-0.027949,0.00076559,0.047397,0.14249,0.20407,0.20338,0.099372,-0.020795,-0.04664,-0.054761,0.0078554,0.065889,0.095325,0.11337,0.06422,0.035396,0.0067867,0.042242,0.073699,0.20632,0.20533,0.12949,0.034757,-0.0766,-0.08557,-0.021674,0.049771,0.063253,0.14423,0.15339,0.098883,0.039917,0.037829,0.071052,0.18083,0.1673,0.089133,-0.034598,-0.049685,-0.038782,0.039383,0.12176,0.17797,0.13808,0.17465,0.061411,0.020736,0.050519,0.091748,0.10365,0.112,0.11835,0.053494,0.054323,0.04178,0.071984,0.082363,0.068934,0.12467,0.16502,0.16785,0.17811,0.1717,0.12713,0.12273,0.057835,0.039567,0.00092551,0.016101,0.0365,0.035936,0.074461,0.12686,0.12662,0.21642,0.20447,0.19075,0.15099,1
0.046982,0.092716,0.038936,-0.037969,-0.10062,-0.02464,0.13297,0.21645,0.14841,-0.021865,-0.11738,-0.041829,0.097864,0.25412,0.19595,-0.0030233,-0.22571,-0.24031,-0.10933,0.1175,0.28791,0.25575,0.040902,-0.18963,-0.29493,-0.2228,0.039597,0.28925,0.38466,0.26438,0.080146,-0.097318,-0.23536,-0.19397,-0.078933,0.009454,0.033726,0.017375,0.066475,0.15471,0.21465,0.15065,0.055662,-0.033736,-0.1085,-0.088356,-0.043346,0.016627,0.019682,0.052147,0.055207,0.012842,-0.024771,-0.048973,-0.018166,0.014269,0.043041,0.057762,0.050672,-0.0097224,-0.020522,-0.0065862,0.031654,-0.013833,-0.034226,-0.089441,-0.12143,-0.08404,0.007829,0.06302,0.018708,-0.054877,-0.089773,-0.071333,0.019303,0.12594,0.093773,0.055046,-0.046869,-0.12755,-0.13529,-0.080878,0.021287,0.062173,0.089284,0.048671,0.038142,0.047396,0.030611,0.0013324,-0.04075,-0.07743,-0.10449,-0.085491,-0.055361,-0.014351,0.012886,-0.0050795,-0.017294,-0.030441,-0.035579,-0.055627,-0.029282,-0.051326,-0.042489,-0.019088,-0.0080741,-0.032994,-0.056378,-0.1133,-0.15078,-0.1226,-0.07487,-0.020102,-0.013602,-0.037456,-0.063946,-0.056145,-0.054927,-0.043686,-0.046873,-0.076972,-0.10925,-0.12666,-0.083844,-0.022723,0.011453,0.064314,0.025031,-0.025239,-0.06877,-0.06209,-0.061769,-0.024832,0.018064,0.015174,-0.012007,-0.047461,-0.065202,-0.082928,-0.091381,-0.053744,-0.012038,0.015247,0.020721,0.0036015,-0.024093,-0.033687,-0.054485,-0.053746,-0.059087,-0.082287,-0.089075,-0.1088,-0.091017,-0.068538,-0.06068,-0.0055487,0.0014804,-0.0022371,-0.011124,0
0.0064761,0.034754,-0.0012029,-0.076521,-0.18019,-0.11397,0.053523,0.13529,0.13207,-0.013543,-0.11028,-0.064268,-0.043228,0.03246,0.017994,-0.13984,-0.2097,-0.10833,-0.036917,0.022548,0.049651,-0.022063,-0.12277,-0.15812,-0.070661,0.089964,0.23811,0.14071,0.019086,-0.27307,-0.35697,-0.31971,-0.18541,-0.013892,0.10883,0.12959,0.018245,-0.06793,-0.038728,0.013988,0.080033,-0.0021568,-0.06895,-0.067527,-0.076989,0.014205,0.016002,-0.03047,-0.20283,-0.17513,-0.10383,-0.044753,0.037873,0.020507,0.10051,0.06556,-0.036893,-0.028398,0.0034527,-0.12042,-0.1676,-0.14548,-0.12164,-0.15407,-0.064844,-0.015932,-0.029123,-0.028964,0.076698,0.10845,0.070366,-0.0038296,-0.044829,-0.087547,-0.060143,-0.021739,-0.10848,-0.05858,-0.042697,-0.037073,-0.046032,-0.017257,0.027657,-0.035095,-0.010548,-0.033217,-0.014937,0.026788,0.032464,0.00037762,-0.042315,0.01268,-0.025731,0.0087693,-0.0043134,-0.026048,-0.040193,-0.081596,-0.04132,0.021094,0.047817,0.023253,0.08512,0.0099748,-0.070909,-0.06472,-0.096187,-0.10512,-0.039999,0.0036676,-0.015994,0.071151,0.072491,0.050599,0.0021668,-0.060139,-0.054769,0.017486,-0.005833,-0.016686,-0.079322,-0.066086,-0.095189,-0.046193,0.055582,0.10938,0.058716,0.08521,-0.086764,-0.14326,-0.10928,-0.028621,-0.0087691,0.0091258,0.055805,-0.0079972,-0.060447,-0.078079,0.0074517,0.053813,0.052196,0.10131,0.049751,0.0077004,-0.016611,-0.044717,-0.059838,-0.023534,-0.068623,-0.030164,-0.040022,-0.033559,-0.023624,-0.012098,0.028023,0.081142,0.023204,0.060025,0.028236,0.029035,0.039557,0
-0.053385,-0.0092373,-0.012846,-0.071685,-0.14044,-0.1178,-0.033071,0.039912,0.063666,-0.011392,-0.069309,-0.079207,-0.12592,-0.072201,-0.039059,-0.0144,0.0010685,-0.029762,-0.18015,-0.24019,-0.16915,0.035874,0.15855,0.14714,-0.027495,-0.15398,-0.24131,-0.20101,-0.0062291,0.10262,0.16008,0.018747,-0.27579,-0.36648,-0.31577,-0.18503,0.061656,0.23085,0.25358,0.11367,-0.029266,-0.18873,-0.2012,-0.11848,-0.055795,0.039183,0.00033059,-0.05017,-0.096797,-0.007692,0.056281,0.040894,-0.042984,-0.13701,-0.078982,-0.048012,0.0037098,0.060789,0.083362,-0.024151,-0.045205,-0.042744,-0.042101,-0.10395,-0.092845,-0.095324,-0.080683,-0.04903,0.021476,0.083748,0.081916,0.066437,0.044114,-0.024239,-0.033333,0.0034837,-0.030397,0.027311,0.016827,-0.046396,-0.11578,-0.10324,-0.012306,0.062637,0.13784,0.1181,0.093171,0.031136,-0.015434,-0.02689,-0.0063504,0.034728,0.023051,0.028743,0.015049,0.015776,0.047407,0.036644,0.054825,0.055105,0.055095,0.041517,0.063101,0.02946,0.022672,0.041191,0.025349,0.010194,0.033807,0.020833,0.0027582,0.031676,0.01202,0.011368,0.033248,0.081538,0.14489,0.17003,0.10008,0.015006,-0.077659,-0.078462,-0.041768,0.01797,0.099603,0.12703,0.082351,0.088826,0.016583,-0.0035352,0.051322,0.0873,0.042088,0.018357,0.057224,0.031629,0.031059,0.050903,0.080403,0.070124,0.041163,0.076725,0.068504,0.08114,0.092107,0.09867,0.068167,0.046366,0.0055492,0.03998,0.03,0.017664,0.021862,0.021303,0.062034,0.10588,0.10946,0.12773,0.10692,0.10003,0.09725,0
0.021033,0.035151,0.013599,0.024828,0.016373,0.020456,0.035,0.061351,0.032005,-0.00020634,-0.012347,0.013521,0.017838,0.054463,0.038899,-0.0002851,0.019334,0.069559,0.091532,0.051509,-0.059083,-0.10431,-0.08612,-0.042485,0.052783,0.13162,0.13352,0.016843,-0.101,-0.15243,-0.036745,0.14041,0.24992,0.20281,0.041481,-0.13979,-0.22245,-0.16006,0.021483,0.20335,0.26048,0.15119,-0.0034894,-0.093619,-0.12615,-0.037766,0.065349,0.099199,0.02767,-0.022385,-0.05558,-0.03044,0.049256,0.062652,0.077102,0.0041896,-0.091428,-0.10429,-0.03387,-0.021144,0.041054,0.062436,0.053436,-0.0073107,-0.029779,-0.070711,-0.08378,-0.091311,-0.051689,-0.030311,-0.027992,-0.015762,0.031862,0.042977,0.05671,0.020773,-0.081467,-0.12398,-0.11103,-0.053765,0.037617,0.091294,0.041482,-0.1149,-0.14955,-0.11326,0.018663,0.15939,0.1907,0.058148,-0.13909,-0.24254,-0.24579,-0.13524,0.015371,0.15099,0.13928,0.022561,-0.10989,-0.14599,-0.11377,-0.062044,0.03852,0.057369,-0.0067915,-0.076042,-0.0964,-0.088849,-0.041189,-0.01742,-0.045016,-0.09227,-0.14147,-0.15897,-0.11609,-0.066456,0.014964,0.060119,0.037899,-0.037285,-0.11872,-0.13881,-0.13861,-0.10683,-0.069997,-0.032436,-0.052215,-0.036829,-0.08893,-0.074869,-0.024284,-0.0053966,-0.031199,-0.059569,-0.07893,-0.10843,-0.091178,-0.072066,-0.051111,-0.068959,-0.093159,-0.059795,-0.033958,-0.022786,-0.022073,-0.051522,-0.11242,-0.11359,-0.10009,-0.045514,-0.010328,0.00468,-0.027255,-0.089459,-0.12575,-0.12305,-0.095784,-0.027957,-0.00042002,0.0091681,-0.016442,0
-0.1014,-0.085089,-0.094435,-0.087722,-0.12438,-0.10174,-0.046911,-0.033133,-0.034159,-0.038172,0.017681,0.047578,0.0040429,-0.075543,-0.16081,-0.17326,-0.00056459,0.18711,0.14707,-0.054693,-0.33081,-0.38788,-0.29303,-0.066168,0.2144,0.36685,0.2324,-0.099125,-0.32427,-0.39902,-0.1908,0.11001,0.31792,0.27544,0.061011,-0.18373,-0.29581,-0.24246,-0.029055,0.15574,0.19395,0.043039,-0.061474,-0.02929,0.061346,0.21089,0.1425,-0.039474,-0.26921,-0.2968,-0.19828,-0.04509,0.084533,0.098905,0.15376,0.094276,0.027467,0.031568,0.055362,-0.018582,-0.064172,-0.073796,-0.08597,-0.11852,-0.059688,0.044766,0.078695,0.053585,0.084907,0.066612,0.0066744,-0.0099036,0.0019534,-0.013177,0.0062932,-0.0016894,-0.053881,-0.005816,0.061947,0.078435,0.076678,0.065902,0.033546,-0.032868,-0.042379,-0.012313,0.05394,0.12496,0.18142,0.14787,0.069897,0.044203,-0.028875,-0.06249,-0.065929,-0.021501,0.033445,0.046363,0.1124,0.1344,0.14697,0.13522,0.15742,0.10998,0.057782,0.04029,-0.020962,-0.055892,-0.037894,0.024815,0.064602,0.15394,0.1609,0.10641,0.019286,-0.0022481,0.023874,0.11798,0.11761,0.10566,0.023735,-0.00099315,-0.01679,0.014383,0.097482,0.14615,0.077667,0.1044,-0.022159,-0.025676,0.053962,0.13132,0.14409,0.11206,0.1093,0.055753,0.042976,0.046096,0.093785,0.097788,0.064066,0.078388,0.07566,0.091348,0.12539,0.14123,0.097052,0.079279,0.043589,0.049211,0.073411,0.11149,0.13607,0.10304,0.078468,0.073847,0.032511,0.080684,0.080145,0.1183,0.16434,0
0.044438,0.02279,0.00099247,-0.018662,-0.018694,0.0095593,0.080377,0.09208,0.071034,0.010503,-0.017873,0.031677,0.067732,0.14122,0.10857,0.023364,-0.0030375,0.033271,0.055732,0.04818,0.010953,-0.033662,-0.092989,-0.087439,0.0039219,0.12866,0.19709,0.13217,0.0079755,-0.15271,-0.11564,0.011345,0.17872,0.23147,0.15766,-0.00078005,-0.15729,-0.20062,-0.084506,0.10578,0.26057,0.2421,0.14357,0.025488,-0.11849,-0.13472,-0.10705,-0.042801,-0.020703,0.041303,0.052786,0.046065,0.050322,0.034054,0.064251,0.024543,-0.042755,-0.038288,-0.023771,-0.045103,-0.044917,-0.018285,-0.016177,-0.022969,-0.0028343,0.0013996,-0.027294,-0.036291,0.020666,0.032889,0.0063988,-0.028856,-0.040803,-0.040186,-0.0083867,0.011707,-0.072711,-0.073841,-0.083104,-0.083706,-0.055311,-0.0092024,0.036932,0.0040873,0.0033663,-0.018448,0.0041042,0.026298,0.026969,-0.01,-0.076374,-0.105,-0.15208,-0.15432,-0.13115,-0.076343,0.0083888,0.063178,0.10443,0.080174,0.023157,-0.041813,-0.054897,-0.10087,-0.12511,-0.094751,-0.090208,-0.091202,-0.07589,-0.060787,-0.078008,-0.037616,-0.018942,-0.020692,-0.04764,-0.080527,-0.082237,-0.031711,-0.033301,-0.042201,-0.097879,-0.12175,-0.14915,-0.15362,-0.10921,-0.077635,-0.082765,-0.025143,-0.085423,-0.076001,-0.045435,-0.012387,-0.03526,-0.057527,-0.061384,-0.11151,-0.13699,-0.13716,-0.095578,-0.079246,-0.085135,-0.043958,-0.041926,-0.064567,-0.048107,-0.05131,-0.04568,-0.033179,-0.052756,-0.070571,-0.10252,-0.11449,-0.10932,-0.10414,-0.070245,-0.047766,-0.071158,-0.027013,-0.034144,-0.0165,-0.011104,0
-0.0088839,0.020981,0.034707,-0.018395,-0.11022,-0.074769,0.066362,0.13275,0.11281,-0.0066862,-0.12503,-0.13383,-0.12939,-0.026968,0.037302,-0.014455,-0.12728,-0.14212,-0.15836,-0.059585,0.10912,0.22161,0.12908,-0.07643,-0.22921,-0.19273,-0.037387,0.11425,0.18439,0.052757,-0.16139,-0.32469,-0.39132,-0.24849,-0.010165,0.1782,0.24788,0.1545,0.01183,-0.061919,-0.064966,-0.091858,-0.07369,-0.046266,-0.054263,-0.031429,-0.017302,0.0044627,-0.02007,0.0066573,-0.010668,-0.052545,-0.089181,-0.1013,0.0072672,0.044219,0.02221,0.030461,0.018488,-0.083777,-0.12509,-0.10444,-0.084026,-0.10754,-0.057133,-0.013348,-0.032764,-0.021375,0.08209,0.11262,0.082227,0.0019285,-0.084481,-0.11646,-0.069643,0.038341,0.038762,0.083409,0.0074949,-0.092716,-0.13024,-0.080957,0.022673,0.070882,0.064546,0.0023266,-0.029931,-0.035447,0.006728,0.027986,0.03461,0.057134,0.012742,0.006837,-0.0011188,0.018163,0.019032,-0.0090652,-0.027628,-0.051639,-0.04872,-0.026165,0.05682,0.0692,0.027988,0.02014,-0.064916,-0.096184,-0.044007,0.0055194,0.011126,0.067388,0.07361,0.049155,0.0026759,-0.028624,-0.031677,-0.0051987,-0.016432,-0.035342,-0.062944,-0.018092,-0.00508,0.039155,0.11114,0.1271,0.054831,0.07632,-0.056714,-0.12651,-0.11255,-0.05277,-0.020589,0.034049,0.093424,0.067341,0.041991,0.011908,0.029567,0.038209,-2.9407e-05,0.048472,0.058927,0.048493,0.03236,0.0059635,-0.028445,-0.025954,-0.066771,-0.029411,-0.028161,-0.0085137,0.0080132,0.021736,0.075285,0.10057,0.054597,0.074938,0.020566,0.0084256,0.0044215,0
0.014074,0.03283,0.05388,0.01152,-0.019517,-0.017998,0.043176,0.10127,0.095357,0.030065,-0.032979,-0.0242,0.016616,0.10146,0.099932,0.0077696,-0.10774,-0.099632,-0.0080795,0.12035,0.18408,0.10223,-0.053773,-0.16382,-0.16194,-0.047092,0.20481,0.35546,0.28279,0.041047,-0.16675,-0.26633,-0.19405,-0.0045859,0.20188,0.27257,0.18673,0.019623,-0.11328,-0.12722,-0.034928,0.074776,0.12297,0.10389,0.027044,-0.018603,-0.0026458,0.029617,0.029987,0.0047124,-0.07255,-0.14262,-0.15692,-0.1019,0.020703,0.10734,0.1565,0.12422,0.05231,-0.041776,-0.089563,-0.076848,-0.038851,-0.016346,-0.026729,-0.056797,-0.077434,-0.04102,0.05683,0.13204,0.12862,0.037947,-0.059082,-0.098138,-0.068903,-0.0092583,0.00044019,-0.022418,-0.057804,-0.067073,-0.0023018,0.075545,0.14268,0.097258,-0.013326,-0.1162,-0.14723,-0.10758,-0.026711,0.048746,0.055615,0.011244,-0.049262,-0.083853,-0.067517,-0.025408,0.01904,0.0037604,-0.05533,-0.098628,-0.1023,-0.066684,0.01386,0.04516,0.027508,-0.015985,-0.095059,-0.1339,-0.1419,-0.097988,-0.058324,0.0025765,0.012339,0.0036307,-0.032594,-0.069021,-0.073905,-0.055606,-0.043768,-0.057551,-0.08503,-0.10439,-0.10541,-0.084494,-0.01995,0.041048,0.063384,0.036533,-0.052799,-0.093426,-0.12683,-0.11392,-0.076489,-0.038941,-0.015943,-0.024448,-0.049554,-0.067063,-0.064297,-0.046744,-0.028219,-0.004865,-0.024072,-0.033652,-0.036479,-0.057383,-0.074214,-0.086615,-0.10241,-0.09471,-0.093216,-0.07833,-0.055211,-0.045882,-0.03396,-0.023688,-0.05123,-0.066167,-0.085505,-0.075062,-0.061488,0
0.021635,0.09923,0.045573,-0.026206,-0.11791,-0.099669,0.0030088,0.12128,0.14198,0.044585,-0.095974,-0.13639,-0.11279,0.0075796,0.067821,0.041088,-0.091636,-0.18106,-0.18204,-0.077161,0.11107,0.22942,0.13287,-0.11744,-0.23897,-0.19444,-0.028352,0.17321,0.27387,0.09353,-0.11952,-0.29515,-0.39474,-0.25923,-0.015412,0.16978,0.25826,0.1816,0.0048734,-0.093045,-0.1144,-0.10565,-0.019733,0.03772,0.027037,0.045721,-0.00033304,-0.0057896,-0.024219,-0.015924,-0.0040746,-0.044853,-0.076484,-0.096536,0.013372,0.040802,0.052729,0.097601,0.096127,-0.0036968,-0.056855,-0.089916,-0.10294,-0.10778,-0.053103,0.022054,0.0034923,-0.017101,0.024841,0.078201,0.085891,0.061745,0.01574,-0.033692,-0.011658,0.057752,0.0362,0.044348,-0.0038559,-0.080385,-0.084706,-0.040062,0.022064,0.053794,0.067233,0.031137,0.015481,0.020829,0.051041,0.047519,0.032048,0.060798,0.047167,0.050906,0.029645,0.03208,-0.010752,-0.045318,-0.02787,0.0036605,0.040149,0.050497,0.10675,0.066882,0.017858,0.0057369,0.0023461,0.00025352,0.020326,0.011625,-0.0018117,0.0098942,0.024784,0.047325,0.074943,0.076236,0.047182,0.032767,-0.00019526,-0.0053113,-0.0080106,0.048194,0.054614,0.03818,0.061098,0.070216,0.041405,0.088162,0.0035906,-0.025195,-0.039429,-0.021518,-0.014484,0.037224,0.086345,0.078695,0.085571,0.046211,0.031644,0.021365,0.012545,0.057018,0.090301,0.06949,0.079603,0.047713,0.0036608,-0.013868,-0.035276,-0.0042628,0.0040677,0.035189,0.042317,0.041758,0.057953,0.089587,0.060458,0.086659,0.044493,0.046391,0.038725,0
-0.047294,-0.043796,-0.05241,-0.038007,-0.076003,-0.085103,-0.079349,-0.058612,-0.022529,-0.013847,-0.012193,-0.025143,-0.086744,-0.10444,-0.036143,0.06896,0.16329,0.15248,-0.061147,-0.24619,-0.30136,-0.15811,0.016939,0.15396,0.17,0.082703,-0.10509,-0.25864,-0.23708,-0.10406,0.13907,0.25347,0.17928,0.036952,-0.13451,-0.23289,-0.19727,-0.084103,0.063873,0.115,0.087908,-0.021259,-0.063883,-0.0083827,0.071633,0.11681,0.043286,-0.070447,-0.17518,-0.13734,-0.070807,0.00010914,0.077486,0.059387,0.07164,0.02595,-0.010342,-0.022354,0.0088863,-0.032099,-0.058402,-0.050936,-0.02417,-0.011674,0.058509,0.11487,0.089226,-0.012667,-0.051413,-0.061651,-0.047736,0.023699,0.08121,0.061685,0.033182,-0.0048303,-0.041763,0.040115,0.11178,0.093727,-0.0083718,-0.055891,-0.089346,-0.05847,0.06764,0.13127,0.16164,0.12158,0.077693,0.003614,-0.026139,0.030564,0.042691,0.045331,-0.012918,-0.040878,-0.030487,-0.012441,0.081911,0.13859,0.17141,0.1405,0.11863,0.057401,-0.015915,-0.0085053,-0.006525,0.00053769,0.024028,0.046455,0.062315,0.093919,0.076215,0.062624,0.041536,0.050519,0.068828,0.11423,0.10287,0.036843,-0.0018671,0.001237,0.021817,0.04115,0.081646,0.095037,0.050112,0.055854,0.000823,0.012077,0.071817,0.11976,0.1224,0.088168,0.08016,0.044434,0.030192,0.028795,0.067451,0.083783,0.086926,0.092336,0.065805,0.050732,0.045463,0.060204,0.057168,0.097867,0.092694,0.099293,0.084186,0.086865,0.070067,0.031666,0.041757,0.056058,0.029736,0.054716,0.068093,0.10966,0.13715,0
-0.031807,0.025768,-0.024838,-0.056944,-0.12753,-0.12443,-0.074604,0.031704,0.084267,-0.00067885,-0.088869,-0.15101,-0.18698,-0.089076,-0.048366,-0.026026,-0.11065,-0.17212,-0.1941,-0.12828,-0.0012059,0.12898,0.12496,-0.0038946,-0.1502,-0.17232,-0.1399,-0.047716,0.092741,0.004321,-0.10997,-0.28585,-0.40692,-0.29229,-0.073249,0.088624,0.18724,0.16808,0.069229,-0.053959,-0.10034,-0.16398,-0.10882,-0.039038,-0.061806,-0.027496,-0.058903,-0.047269,-0.023462,0.030975,0.032327,-0.039457,-0.058272,-0.093338,-0.022248,0.0094544,-0.013165,0.017303,0.019002,-0.075816,-0.090889,-0.097216,-0.060684,-0.066499,-0.015603,-0.0095381,-0.032494,-0.024523,0.059533,0.11253,0.10838,0.049928,0.010149,-0.060035,-0.045447,0.0062623,-0.023834,0.027526,0.039259,-0.010293,-0.040126,0.0057388,0.061517,0.013657,0.030148,0.0025966,0.0058618,0.070536,0.074015,0.053403,0.0075365,3.0965e-05,0.018505,0.080593,0.13074,0.13599,0.087539,0.024286,-0.049819,-0.060646,-0.033557,-0.0024576,0.10555,0.099133,0.067443,0.071191,0.046926,0.065097,0.082484,0.083304,0.027265,0.03067,0.047147,0.044054,0.087907,0.091885,0.088344,0.10908,0.04414,0.014244,-0.015555,0.047852,0.088208,0.10034,0.1235,0.11174,0.071824,0.13262,0.024611,0.0011965,0.0062492,0.025137,0.022039,0.038591,0.08759,0.085189,0.10037,0.11252,0.12774,0.10757,0.051754,0.1038,0.12597,0.099544,0.093421,0.053719,0.0057602,0.011059,-0.014866,0.026401,0.053286,0.088802,0.13035,0.10868,0.1051,0.11036,0.090267,0.13185,0.089195,0.078276,0.066337,0
0.027824,0.059886,0.0017122,-0.11804,-0.20694,-0.15098,-0.021931,0.078884,0.083351,-0.015877,-0.047305,-0.063184,-0.12149,-0.065822,-0.010707,-0.06808,-0.062743,-0.080755,-0.21796,-0.22783,-0.12492,0.068254,0.14748,0.096874,-0.022336,-0.092667,-0.14851,-0.15715,-0.017794,-0.029554,0.016066,-0.093404,-0.34204,-0.38244,-0.27155,-0.11883,0.10588,0.22197,0.23054,0.11236,-0.02484,-0.20603,-0.2218,-0.10453,-0.05613,0.03189,-0.04932,-0.13766,-0.21859,-0.082734,0.030922,0.027742,-0.024398,-0.15114,-0.019257,-0.024542,-0.045941,-0.02646,-0.00095644,-0.1407,-0.13721,-0.12462,-0.10347,-0.16336,-0.090127,-0.08626,-0.10275,-0.12053,0.023461,0.11894,0.10661,0.042054,-0.02043,-0.10563,-0.081275,-0.011499,-0.12595,-0.095948,-0.12145,-0.15952,-0.1824,-0.067565,0.076837,0.08635,0.096005,-0.019193,-0.0921,-0.096152,-0.055807,-0.012332,0.0074752,0.041229,-0.042469,-0.066685,-0.095026,-0.082093,-0.0078592,-0.01911,0.042527,0.033409,-0.015796,-0.099321,-0.027077,-0.077442,-0.082154,-0.031287,-0.06837,-0.086087,-0.037939,-0.010629,-0.011004,0.062836,0.031338,-0.010939,-0.057174,-0.079197,-0.041967,0.059707,0.026379,-0.016213,-0.11425,-0.12372,-0.12352,-0.062931,0.037867,0.1018,-0.0078269,0.049795,-0.10594,-0.13204,-0.05204,0.026662,-0.029536,-0.064497,-0.022579,-0.064897,-0.048987,-0.029143,0.043936,0.018764,-0.046574,-0.0093031,0.012383,0.010615,0.042701,0.027779,-0.034462,-0.052845,-0.14115,-0.090848,-0.10339,-0.063725,-0.041094,-0.027249,0.017999,0.082714,0.025509,0.089063,0.049461,0.036222,0.04882,0
-0.028988,-0.017678,0.011062,0.039382,0.031903,0.02146,0.007195,-0.011497,-0.017895,0.0020183,0.04664,0.07495,0.047773,-7.4983e-05,-0.044936,-0.020033,0.073317,0.11243,0.052863,-0.044045,-0.11948,-0.084871,0.0049718,0.105,0.13301,0.07574,-0.058834,-0.16648,-0.13845,-0.0048226,0.173,0.24493,0.10408,-0.074381,-0.22814,-0.26049,-0.15235,0.057616,0.22403,0.2389,0.11342,-0.068993,-0.15935,-0.14498,-0.048,0.075909,0.099434,0.057967,-0.0064826,-0.024799,-0.0092878,0.031599,0.024381,-0.0031167,-0.03603,-0.068537,-0.064545,-0.011982,0.050386,0.07068,0.073918,0.048181,0.017574,-0.040853,-0.070157,-0.052617,-0.035901,-0.028784,-0.016871,-0.02357,-0.0050156,0.047742,0.081938,0.063634,0.025243,-0.03108,-0.071918,-0.045948,-0.014684,-0.0035672,-0.029372,-0.058703,-0.079096,-0.038699,0.057504,0.10588,0.11757,0.04357,-0.063059,-0.10906,-0.093404,-0.032184,0.040855,0.050698,-0.0013254,-0.074451,-0.1124,-0.072993,0.039548,0.12052,0.10915,0.044795,-0.041409,-0.119,-0.11321,-0.045985,0.044496,0.065353,0.037086,-0.016904,-0.066107,-0.068805,-0.029258,0.018064,0.034085,0.029397,0.0070565,-0.015903,-0.034827,-0.040798,-0.046549,-0.02489,-0.011512,-0.024895,-0.037011,-0.033752,-0.028994,0.0010398,0.003016,0.010119,0.0033311,-0.013426,-0.032881,-0.027193,-0.023482,-0.028935,-0.026331,-0.020037,-0.020566,-0.022301,-0.0071941,0.019945,0.0090379,-0.014092,-0.031811,-0.039043,-0.013637,0.01632,0.015786,-0.0049595,-0.051805,-0.085014,-0.089361,-0.056229,0.0062308,0.077538,0.089791,0.078882,0.0066874,-0.041708,-0.059506,0
0.079439,0.12835,0.052717,-0.037739,-0.11199,-0.11889,-0.046,0.07398,0.10774,0.018282,-0.07882,-0.08469,-0.093434,0.024001,0.053847,0.014053,-0.070454,-0.11715,-0.13266,-0.074534,0.0045711,0.078976,0.057978,-0.060617,-0.13259,-0.093787,0.011019,0.082206,0.15784,0.013516,-0.10395,-0.20463,-0.29494,-0.22511,-0.07028,0.04362,0.11977,0.11795,0.043267,-0.05575,-0.083699,-0.1206,-0.037858,0.039615,0.03235,0.037851,-0.0084478,-0.078724,-0.1096,-0.081168,-0.052351,-0.06432,-0.058354,-0.08866,-0.0020666,0.0079073,-0.012515,0.016,0.034789,-0.052461,-0.082426,-0.070809,-0.083472,-0.10247,-0.094055,-0.10581,-0.12645,-0.1302,-0.016477,0.072528,0.11415,0.08842,0.023495,-0.085507,-0.093992,-0.028488,-0.027456,0.032449,0.010124,-0.10828,-0.2,-0.16671,-0.064908,-0.0069327,0.083899,0.062329,0.027508,-0.024029,-0.067059,-0.077783,-0.032463,0.077707,0.098379,0.091131,-0.022171,-0.13021,-0.17292,-0.16903,-0.088597,-0.005919,0.040701,0.0281,0.047609,-0.0070286,-0.038963,-0.01312,-0.021394,-0.039722,-0.048091,-0.094146,-0.12797,-0.06658,-0.020318,-0.0079086,0.014338,-0.0036561,-0.015865,0.0046325,-0.037729,-0.046507,-0.062756,-0.016439,-0.035532,-0.055506,-0.03625,-0.02408,-0.046666,0.017425,-0.075569,-0.11107,-0.098447,-0.048798,-0.036637,-0.0016521,0.03636,0.017114,-0.00054629,-0.027089,-0.027252,-0.033015,-0.079309,-0.015306,-0.025358,-0.043849,-0.036178,-0.036696,-0.044615,-0.015635,-0.062922,-0.033984,-0.03017,-0.025538,-0.03782,-0.058886,-0.058682,-0.043039,-0.042627,0.004081,-0.021116,-0.01397,0.015962,0
-0.042721,-0.012246,-0.021836,-0.063829,-0.16921,-0.17086,-0.07502,0.020668,0.073597,0.051517,-0.017996,-0.087099,-0.22866,-0.20595,-0.073684,0.03325,0.089857,0.039129,-0.23724,-0.41728,-0.35611,-0.040255,0.21951,0.30453,0.18117,0.0024368,-0.22345,-0.37198,-0.25472,-0.10523,0.10702,0.092032,-0.10985,-0.2523,-0.28118,-0.22405,-0.067818,0.059996,0.13485,0.095894,0.038892,-0.046472,-0.025862,0.052587,0.0065039,-0.061604,-0.21203,-0.28096,-0.29707,-0.10921,0.057301,0.11442,0.082792,-0.027714,0.048259,0.033086,-0.033723,-0.024617,-0.022307,-0.1579,-0.19189,-0.1511,-0.070256,-0.073995,0.010958,0.05218,-0.0048342,-0.11564,-0.041835,0.032765,0.073658,0.070264,0.047575,-0.04629,-0.058559,-0.016615,-0.039753,0.045055,0.0375,-0.039517,-0.13942,-0.14958,-0.075984,-0.040348,0.073311,0.11351,0.12361,0.12761,0.098257,0.03016,-0.039144,-0.015644,-0.076638,-0.0635,-0.05876,-0.015797,0.053309,0.069646,0.094419,0.090427,0.059166,0.0057933,0.047519,-0.0073624,-0.054799,-0.044582,-0.050292,-0.05922,0.02323,0.10059,0.11974,0.12034,0.056618,-0.039737,-0.072299,-0.047325,0.050208,0.15322,0.13088,0.039341,-0.041117,-0.040577,-0.042091,-5.3669e-05,0.081702,0.1178,0.017209,0.057375,-0.034033,-0.018385,0.040135,0.10431,0.054948,0.02194,0.02504,5.6266e-05,-0.0012463,0.020063,0.092654,0.10276,0.054512,0.081529,0.064885,0.057868,0.074695,0.045124,0.015476,0.027366,-0.011986,0.020736,0.035658,0.044319,0.024225,0.0086509,0.041692,0.078453,0.037971,0.1058,0.092563,0.11289,0.13452,0
-0.061377,-0.012591,-0.022547,-0.058681,-0.13867,-0.062565,0.05171,0.10541,0.072641,-0.026098,-0.046296,0.052326,0.032351,-0.027581,-0.13909,-0.26812,-0.1567,0.060513,0.13314,0.078718,-0.10683,-0.25471,-0.28511,-0.16371,0.11649,0.35024,0.39633,0.12242,-0.15363,-0.43785,-0.37111,-0.16942,0.07706,0.16166,0.13961,-0.02139,-0.20537,-0.2194,-0.014785,0.19052,0.28122,0.14532,-0.028527,-0.05518,-0.036444,0.1192,0.11844,0.014592,-0.26141,-0.28314,-0.22527,-0.098324,0.055957,0.12868,0.23517,0.19802,0.097646,0.064027,0.039603,-0.11295,-0.16208,-0.15096,-0.12736,-0.16223,-0.077522,0.014603,0.088571,0.10509,0.17303,0.10334,-0.0026147,-0.079373,-0.044445,0.013179,0.092219,0.11842,-0.091978,-0.11825,-0.095413,-0.03974,0.036994,0.094089,0.07931,-0.079877,-0.084749,-0.034542,0.10227,0.23811,0.26161,0.12735,-0.042175,-0.089597,-0.11812,-0.027712,0.022194,0.065767,0.033311,-0.033971,-0.058515,-0.018073,0.07762,0.10079,0.20171,0.12034,-0.0061942,-0.044072,-0.11497,-0.11474,-0.027286,0.010277,0.030776,0.10559,0.11035,0.066852,0.010485,-0.005922,0.013364,0.082079,0.056075,0.03692,-0.05074,-0.058012,-0.067705,0.0014322,0.098325,0.16555,0.10317,0.12722,-0.088089,-0.11712,-0.047857,0.037071,0.042274,0.058216,0.091956,0.030473,-0.0050094,-0.015072,0.062157,0.070432,0.047087,0.1233,0.087,0.046537,0.036752,0.0065708,-0.0409,-0.017046,-0.048342,0.013555,0.0079693,0.032377,0.052322,0.046514,0.052943,0.10032,0.036039,0.073714,0.025812,0.051513,0.10317,0
-0.030702,0.043507,0.049731,-0.002999,-0.089081,-0.095009,-0.060192,0.059314,0.13147,0.066631,-0.028969,-0.094442,-0.09554,-0.0027438,0.034119,-0.05825,-0.12976,-0.12001,-0.089796,-0.021851,0.03166,0.046739,-0.017458,-0.10027,-0.14382,-0.053106,0.076844,0.16834,0.15334,-0.069095,-0.25977,-0.30631,-0.25163,-0.11477,0.061181,0.11438,0.07279,-0.011388,-0.052749,-0.059776,0.018263,-0.012168,-0.01425,-0.013791,-0.056534,-0.013405,0.0064035,-0.0014096,-0.088726,-0.092232,-0.1082,-0.093866,-0.06467,-0.04499,0.064261,0.056855,0.0031461,0.01294,0.030697,-0.063421,-0.13151,-0.11406,-0.10293,-0.099129,-0.032711,-0.024002,-0.039189,-0.0818,-0.0087344,0.024712,0.041023,0.020581,-0.00020111,-0.059176,-0.045923,-0.0024802,-0.021902,0.025294,-0.0076425,-0.073355,-0.1398,-0.083944,-0.022972,-0.02086,0.015141,-0.011996,-0.026369,-0.028472,0.0068662,0.0098135,0.018893,0.041365,0.0089957,-0.014022,-0.032944,-0.045917,-0.046169,-0.086915,-0.0474,-0.044068,-0.019878,-0.023881,0.044465,0.041054,-0.0033835,-0.0058591,-0.048729,-0.062481,-0.028699,-0.011942,-0.039761,-0.017353,-0.015817,-0.0052872,-0.020533,-0.029278,-0.038248,0.013672,0.002272,-0.0085226,-0.0397,-0.016616,-0.036682,-0.057403,-0.012429,0.025975,-0.00949,0.059718,-0.02328,-0.074232,-0.067541,-0.051806,-0.062424,-0.012867,0.04249,0.017957,-0.01323,-0.034271,-0.028153,-0.015938,-0.033861,0.016925,0.013362,0.024906,0.015027,-0.0044937,-0.040961,-0.037532,-0.079541,-0.055993,-0.05817,-0.036869,-0.0020523,0.0074381,0.037594,0.02237,-0.040578,-0.012881,-0.027055,-0.019103,0.028417,1
-0.10354,-0.055212,-0.0087046,-0.025179,-0.15545,-0.16809,-0.014989,0.11648,0.16313,0.080095,-0.060549,-0.093796,-0.093672,-0.0041721,-0.011621,-0.10118,-0.15853,-0.047589,-0.043007,-0.083826,-0.11955,-0.073464,-0.062221,-0.025037,0.043964,0.082307,0.11838,0.041183,-0.067819,-0.26364,-0.1777,-0.040163,0.051749,0.046768,-0.050477,-0.19503,-0.27813,-0.21167,0.023825,0.25459,0.37511,0.24287,0.034493,-0.10702,-0.2302,-0.083193,0.011445,0.027558,-0.11811,-0.14835,-0.10096,-0.00081214,0.098697,0.11935,0.15817,0.00061731,-0.1505,-0.11605,-0.010404,-0.018951,0.030269,0.059563,0.036149,-0.10422,-0.10445,-0.10282,-0.10776,-0.10252,0.060516,0.096892,0.056074,0.040271,0.029987,0.0079995,0.066419,0.10461,-0.02272,-0.022765,-0.073646,-0.11678,-0.11449,-0.033371,0.040175,0.0045675,0.042155,0.059086,0.11795,0.14368,0.12751,0.07882,0.013681,0.026021,-0.066163,-0.072945,-0.065012,-0.025861,0.022959,0.032506,0.083007,0.09403,0.074641,0.020345,0.078437,-0.0055405,-0.082571,-0.05404,-0.046861,-0.037542,0.050805,0.1004,0.063669,0.061786,0.04794,-0.009401,-0.082019,-0.099798,-0.068851,0.076331,0.12548,0.11749,0.041269,0.015281,-0.08291,-0.12548,-0.040224,0.057872,0.053657,0.17804,0.0075186,-0.047707,-0.010253,0.017689,0.014639,0.025988,0.077927,0.039722,0.0041409,-0.048272,0.008016,0.058195,0.051869,0.11767,0.10239,0.029826,0.03606,0.030577,0.019622,0.048198,0.015954,0.030103,-0.0094279,-0.037076,-0.077089,-0.057467,0.033358,0.096381,0.07982,0.15964,0.10665,0.097755,0.11085,1
-0.050573,0.0098416,0.019117,-0.021527,-0.12848,-0.14686,-0.096054,0.034193,0.11441,0.053839,-0.046399,-0.081599,-0.087335,-0.0091873,0.010586,-0.072628,-0.11496,-0.071891,-0.071948,-0.076878,-0.1419,-0.14928,-0.11143,-0.051903,0.0431,0.12819,0.13705,-0.014491,-0.13533,-0.30247,-0.19603,-0.010266,0.083233,0.063603,-0.070873,-0.2861,-0.38129,-0.21961,0.065929,0.28083,0.33665,0.15851,-0.075747,-0.17343,-0.20299,-0.062329,-0.0071201,-0.013224,-0.12337,-0.11601,-0.074728,0.0071121,0.088798,0.03133,0.018266,-0.10999,-0.16077,-0.091892,0.066367,0.043539,0.017929,-0.026751,-0.071527,-0.1096,-0.071382,-0.073781,-0.11399,-0.14379,-0.066081,0.014607,0.049839,0.10227,0.080269,0.027642,0.029909,0.036731,-0.057276,-0.0093479,-0.0026114,-0.062342,-0.1134,-0.09405,-0.048459,-0.095296,-0.02597,0.014642,0.11282,0.16711,0.18292,0.0865,-0.040895,-0.088492,-0.11976,-0.065387,-0.0047196,0.050911,0.049804,-0.01206,-0.026378,-0.02329,0.0024875,0.011546,0.097714,0.068912,-0.0020145,-0.03574,-0.057248,-0.021927,0.052626,0.085985,0.023864,-0.016594,-0.049848,-0.068615,-0.063475,-0.0356,0.05797,0.152,0.15025,0.087817,-0.030641,-0.051258,-0.07584,-0.080937,0.0012692,0.055908,0.01141,0.096121,-0.00054843,-0.04552,-0.012339,0.041238,0.015483,0.033424,0.064367,0.0098044,0.0026657,0.0023764,0.045847,0.045246,-0.016623,0.004866,0.013388,0.031768,0.063027,0.058521,0.042195,0.056488,0.011549,0.034976,-0.011269,-0.015358,-0.028393,-0.039289,-0.0077896,0.020321,-0.0055179,0.084069,0.087107,0.093838,0.10254,1
0.055403,-0.026029,-0.052154,-0.0039309,0.045974,0.095953,0.089389,0.0039384,-0.07942,-0.086645,0.078009,0.26656,0.29293,0.10179,-0.157,-0.30235,-0.19258,0.173,0.48508,0.45512,0.087491,-0.26816,-0.40071,-0.34082,-0.099338,0.26017,0.54576,0.45757,0.17035,-0.18782,-0.28512,-0.21215,0.057494,0.22378,0.21784,0.090991,-0.074626,-0.07836,0.038726,0.17501,0.19702,0.034996,-0.1215,-0.18184,-0.12936,0.032293,0.13914,0.14683,0.032046,-0.045679,-0.079593,-0.086986,-0.04546,-0.022728,0.018285,-0.0046236,-0.030745,-0.03096,0.010111,0.029764,0.048343,0.05066,0.0089353,-0.049768,-0.055128,-0.038362,-0.018026,-0.015105,-0.030785,-0.075097,-0.099069,-0.039189,0.055019,0.12874,0.16054,0.064581,-0.12171,-0.1812,-0.17129,-0.10053,0.009907,0.083092,0.074607,-0.048769,-0.098462,-0.10009,-0.020709,0.057144,0.084181,0.023164,-0.082991,-0.12851,-0.14013,-0.095398,-0.030458,0.0077165,0.003314,-0.039751,-0.083244,-0.097002,-0.07684,-0.063753,-0.0090792,0.0028904,-0.024579,-0.03621,-0.088113,-0.11688,-0.13583,-0.1474,-0.14018,-0.064793,-0.028834,-0.009515,-0.052837,-0.093809,-0.10314,-0.050248,-0.020266,-0.012628,-0.045637,-0.10422,-0.15456,-0.17516,-0.14422,-0.080181,-0.036789,-0.0077419,-0.062053,-0.092865,-0.11254,-0.085208,-0.05237,-0.026372,-0.016792,-0.034489,-0.079469,-0.11638,-0.1409,-0.15408,-0.14807,-0.093993,-0.054586,-0.042066,-0.031925,-0.030938,-0.044212,-0.045788,-0.091826,-0.11601,-0.13112,-0.12227,-0.11248,-0.11129,-0.098592,-0.078538,-0.080329,-0.036274,-0.04056,-0.034195,-0.017071,1
-0.10303,-0.13698,-0.13783,-0.09498,-0.10843,-0.086527,-0.065381,-0.058791,-0.088438,-0.10592,-0.080179,0.0043723,0.019754,-0.0021957,-0.089234,-0.15157,-0.082457,0.084637,0.13292,0.021056,-0.19301,-0.29573,-0.28827,-0.1754,0.019452,0.18987,0.23242,0.065132,-0.15129,-0.34101,-0.25507,-0.049417,0.23024,0.33524,0.23226,0.0023832,-0.25369,-0.30356,-0.18514,0.026709,0.18409,0.14951,0.032197,-0.049376,-0.044511,0.066244,0.11315,0.087762,-0.12004,-0.20509,-0.19371,-0.12506,-0.0098007,0.056022,0.12853,0.088653,0.0091874,0.0081174,0.03039,-0.026129,-0.054181,-0.055282,-0.051474,-0.05903,0.018862,0.061629,0.050349,-0.0015402,0.01635,0.022331,0.0086124,0.030528,0.048931,0.030606,0.021642,0.0096647,-0.062858,0.0025266,0.07274,0.10395,0.093296,0.075173,0.047156,-0.083056,-0.054745,0.015408,0.12445,0.18668,0.1965,0.11559,0.015047,0.018598,-0.026955,0.011795,0.039137,0.06779,0.044223,0.013487,0.032494,0.07855,0.12947,0.14195,0.18076,0.14243,0.062472,0.045714,0.029822,0.018634,0.050951,0.071736,0.054293,0.06657,0.064321,0.062766,0.06107,0.04378,0.064229,0.10821,0.12257,0.11141,0.087435,0.10905,0.062743,0.046538,0.062094,0.074131,0.047333,0.10726,0.033055,0.027024,0.081811,0.14943,0.15663,0.15333,0.16035,0.10444,0.073378,0.045867,0.077009,0.066764,0.038464,0.095476,0.11071,0.10663,0.123,0.099692,0.072624,0.0835,0.066393,0.12327,0.13903,0.16046,0.16048,0.1303,0.09344,0.069671,0.031259,0.074459,0.07237,0.10168,0.12906,1
-0.06874,-0.079249,-0.09158,-0.056663,-0.075972,-0.0465,0.022497,0.039342,-0.018138,-0.095187,-0.12939,-0.046177,0.076627,0.18505,0.12096,-0.03977,-0.21479,-0.21481,-0.082303,0.09807,0.20529,0.17703,-0.0059362,-0.20166,-0.27475,-0.22994,-0.016736,0.26446,0.39435,0.26335,0.059855,-0.14257,-0.25952,-0.20188,-0.065237,0.042532,0.070762,0.0025758,-0.047087,-0.029089,0.052856,0.11715,0.09737,0.047047,-0.056242,-0.080619,-0.08266,-0.022847,0.0084888,0.048074,0.02832,-0.016793,-0.064012,-0.077413,-0.0097887,0.037005,0.10329,0.12505,0.089216,-0.0064886,-0.04284,-0.022823,0.046658,0.073282,0.073049,0.027315,-0.018877,-0.038052,0.018901,0.069437,0.075739,0.049071,0.021209,0.011184,0.05288,0.12415,0.11779,0.085644,0.00058358,-0.07404,-0.098977,-0.020543,0.094995,0.14642,0.14214,0.09523,0.048751,0.031878,0.059648,0.0853,0.084614,0.085724,0.0096534,-0.054258,-0.075255,-0.034639,0.07485,0.148,0.19105,0.1436,0.062201,0.00033638,-0.003095,-0.0028442,0.053793,0.094286,0.099146,0.040838,-0.021938,-0.059624,-0.055339,0.037993,0.13963,0.18324,0.14541,0.059758,-0.0019457,0.033251,0.062622,0.12397,0.10695,0.084506,0.0091419,-0.056623,-0.014457,0.055075,0.085894,0.15669,0.10506,0.067294,0.038342,0.062866,0.087648,0.1084,0.12506,0.097106,0.064332,0.032671,0.018159,0.013529,0.00012154,0.032353,0.055035,0.059133,0.075866,0.10505,0.12474,0.18102,0.17063,0.1379,0.07176,0.015913,-0.028982,-0.035117,0.0082227,0.041948,0.053707,0.086898,0.06955,0.085192,0.11416,1
-0.10801,-0.10045,-0.067008,-0.040514,-0.073129,-0.082476,-0.059621,-0.054129,-0.047522,-0.052061,-0.024248,0.015747,0.011232,-0.026221,-0.1168,-0.15265,-0.081336,0.056583,0.11243,0.052084,-0.1228,-0.23113,-0.24382,-0.15451,0.018376,0.18062,0.24807,0.096893,-0.12441,-0.31511,-0.26384,-0.091997,0.17033,0.25348,0.16588,-0.023473,-0.20923,-0.23677,-0.13604,0.03723,0.16922,0.13769,0.026849,-0.031775,-0.037408,0.065657,0.1061,0.056656,-0.087301,-0.1798,-0.18563,-0.11307,0.010486,0.073745,0.1172,0.070487,0.016656,0.0042338,0.02907,0.00099281,-0.0026443,-0.0056985,-0.023375,-0.072435,-0.058142,-0.016962,0.035479,0.053292,0.080826,0.062759,0.02365,0.02164,0.024173,0.036122,0.054746,0.040693,-0.02182,-0.015273,0.0085532,0.032441,0.071346,0.097779,0.085509,-0.0072274,-0.045079,-0.03767,0.014363,0.095146,0.14989,0.14295,0.092096,0.054509,-0.0048379,-0.034569,-0.049585,-0.0082369,0.029719,0.039144,0.045456,0.072347,0.10972,0.11963,0.16125,0.12927,0.07519,0.040122,0.013121,-0.0084432,0.0010465,0.022564,0.036493,0.10065,0.1222,0.10307,0.048764,0.026346,0.024945,0.065024,0.086705,0.080305,0.060114,0.050727,0.031272,0.013846,0.063825,0.11077,0.10339,0.094347,0.012569,-0.019707,0.011521,0.073277,0.12308,0.13297,0.13229,0.077854,0.044226,0.025382,0.037359,0.075453,0.067906,0.086221,0.071672,0.059779,0.088352,0.11558,0.12172,0.12234,0.077768,0.048704,0.034075,0.054645,0.087264,0.10078,0.11055,0.078849,0.033967,0.034076,0.029912,0.075096,0.14666,1
-0.13704,-0.096283,-0.039644,-0.050381,-0.15111,-0.16412,-0.083038,0.02658,0.061995,0.021567,-0.046811,-0.06309,-0.095559,-0.020952,0.0048028,-0.026287,-0.053727,-0.039588,-0.094088,-0.1299,-0.13816,-0.079501,-0.053366,-0.039131,-0.020911,0.012549,0.007489,-0.061412,-0.065311,-0.098167,0.015477,0.099307,0.013119,-0.090983,-0.23596,-0.29665,-0.17564,-0.00982,0.21505,0.27504,0.18414,-0.077251,-0.25499,-0.2372,-0.11234,0.16004,0.26493,0.19217,-0.055054,-0.18918,-0.20026,-0.12868,-0.00084657,0.06461,0.11148,0.05061,-0.0068829,0.060895,0.14835,0.1016,0.014954,-0.06476,-0.15898,-0.18826,-0.10182,0.058254,0.11826,0.078093,0.068273,0.03397,-0.0088007,-0.0054395,0.03579,0.024911,0.039996,0.040469,-0.065501,-0.036371,-0.0070514,-0.021738,0.016069,0.065817,0.11641,0.072749,0.098496,0.069162,0.058572,0.066113,0.040538,0.0068646,-0.0033429,0.050501,0.071598,0.097531,0.075557,0.06527,-0.002121,-0.047383,-0.03033,0.027079,0.085816,0.12222,0.19252,0.14223,0.079849,0.060284,0.013386,-0.022095,-0.022249,-0.0010968,0.025405,0.077111,0.11331,0.098453,0.09041,0.078613,0.12982,0.15428,0.10333,0.044437,-0.038376,-0.041782,-0.038898,-0.0084723,0.092654,0.15193,0.14882,0.18494,0.076677,0.021207,0.027045,0.074518,0.096126,0.097222,0.11413,0.073235,0.053524,0.044445,0.08401,0.1171,0.071954,0.12176,0.073646,0.073349,0.10046,0.11756,0.14078,0.13689,0.065459,0.056171,0.025551,0.035866,0.051029,0.060764,0.11021,0.12245,0.1054,0.12028,0.091212,0.087811,0.11226,1
-0.16762,-0.10196,-0.026887,0.0038795,-0.12017,-0.19238,-0.17075,-0.09311,-0.018509,0.093773,0.11621,0.046713,-0.18156,-0.30275,-0.36977,-0.29063,-0.042069,0.15994,0.08383,-0.16317,-0.36222,-0.31809,-0.17672,0.0084162,0.16848,0.22953,0.12571,-0.11653,-0.23798,-0.39779,-0.26962,-0.16711,-0.18579,-0.18162,-0.20819,-0.15266,-0.0054144,0.11451,0.20327,0.14229,0.016596,-0.21757,-0.27312,-0.19856,-0.11789,0.0257,0.021217,-0.058984,-0.2016,-0.18093,-0.079717,0.011279,0.033761,-0.009425,0.067477,-0.020007,-0.12987,-0.088213,-0.025779,-0.074975,-0.093382,-0.10864,-0.1146,-0.17318,-0.078812,0.025479,0.007729,-0.059541,-0.0058843,0.025243,0.035084,0.08117,0.11654,0.0070289,-0.029278,-0.064816,-0.18836,-0.097588,-0.043977,-0.027048,-0.0024242,0.024863,0.065205,0.010921,0.055833,0.030161,0.050822,0.042738,0.0044672,-0.049958,-0.061631,0.018214,0.0095264,0.030576,0.059017,0.087182,0.070695,0.050212,0.061163,0.027385,-0.0040881,-0.027867,0.035108,0.038777,0.018632,0.058026,0.013081,-0.02655,0.0064997,0.062319,0.090164,0.14529,0.15586,0.090092,0.0014826,-0.031311,0.027712,0.097333,0.092891,0.052433,-0.033066,-0.024752,-0.035907,-0.0093871,0.11823,0.20363,0.12971,0.18073,0.030718,-0.038179,0.014167,0.068476,0.012081,0.010125,0.088797,0.06109,0.062741,0.030347,0.082851,0.10386,0.072138,0.13696,0.15903,0.14409,0.14837,0.11835,0.032202,0.0070661,-0.065583,-0.015423,0.002541,0.048257,0.053532,0.060703,0.12602,0.1645,0.13378,0.21324,0.16391,0.15404,0.14369,1
0.015055,0.03897,0.032377,0.00162,-0.047718,-0.051694,-0.032746,0.0002119,0.0092604,0.011435,0.007754,-0.038554,-0.092996,-0.10164,-0.043293,0.024982,0.088728,0.072594,-0.03464,-0.13869,-0.15757,-0.05521,0.064065,0.14922,0.16,0.084692,-0.098713,-0.25013,-0.26307,-0.15151,0.010715,0.098574,0.0639,-0.0051684,-0.097408,-0.12123,-0.034651,0.046942,0.088833,0.068622,-0.020698,-0.12925,-0.14757,-0.10793,-0.070103,-0.049314,-0.066248,-0.097987,-0.087403,-0.01962,0.045953,0.092027,0.079475,0.019199,-0.0082689,-0.054371,-0.09868,-0.10988,-0.10006,-0.12582,-0.11835,-0.086245,-0.039225,-0.013211,0.012557,0.054103,0.042213,-0.0049157,-0.010707,-0.019863,-0.02406,-0.012398,-0.027809,-0.055167,-0.086592,-0.10614,-0.08137,-0.0026799,0.065458,0.075673,0.031327,-0.036479,-0.078412,-0.073858,-0.016128,0.026925,0.037332,-0.0010259,-0.067128,-0.12277,-0.13201,-0.074499,-0.014339,0.03442,0.040034,0.019005,-0.021653,-0.021261,0.0072676,0.025492,0.035889,0.0056404,-0.014759,-0.066754,-0.10008,-0.084126,-0.040692,-0.012208,0.017668,0.037843,0.033339,0.026817,0.02701,0.0018952,-0.018843,-0.014894,-0.031676,-0.016011,-0.039252,-0.051389,-0.050096,-0.020908,-0.013874,0.0064198,0.027346,0.035355,0.0056269,0.0070863,-0.028793,-0.033237,-0.019098,0.0034724,0.0044508,-0.01191,-0.013926,-0.036628,-0.039739,-0.033314,-0.0083977,0.025546,0.027032,0.044005,0.016272,-0.022843,-0.047737,-0.052975,-0.034389,0.0045625,0.0057661,0.017718,0.00064769,-0.013329,-0.022702,-0.013944,0.0071791,0.014049,0.023001,0.024453,-0.0010735,-0.01778,-0.029708,1
-0.014568,0.078561,0.073554,0.0038571,-0.11421,-0.12966,-0.040885,0.093269,0.14529,0.06128,-0.078632,-0.12152,-0.08197,0.038902,0.08016,-0.019045,-0.12901,-0.14367,-0.10125,-0.016704,0.07172,0.078619,-0.027692,-0.16824,-0.19384,-0.055527,0.10836,0.22317,0.21561,-0.040266,-0.25109,-0.30825,-0.26174,-0.11682,0.069746,0.15749,0.11309,-0.0083157,-0.086909,-0.08771,-0.021268,0.0067728,0.055595,0.083275,0.00049347,-0.00069,-0.0017551,-0.017381,-0.069541,-0.069385,-0.073025,-0.054051,-0.050734,-0.052416,0.066234,0.056875,0.047356,0.078512,0.082841,-0.030564,-0.095114,-0.097436,-0.061402,-0.040637,-0.014259,-0.01385,-0.034164,-0.074578,-0.0022446,0.064893,0.064481,0.041109,0.0078757,-0.025342,0.012691,0.077984,0.039397,0.026901,-0.0071341,-0.075654,-0.079229,-0.0042123,0.032224,0.0050394,-0.01438,-0.056165,-0.032819,0.045523,0.13494,0.15168,0.11217,0.071292,-0.017473,-0.05868,-0.062587,-0.0012192,0.032586,0.013813,0.027815,0.00087372,-0.0059415,0.0073892,0.090262,0.095639,0.045343,0.029073,-0.021487,-0.020835,0.0035477,0.022014,0.015923,0.037111,0.039257,0.032086,-0.00024871,-0.030723,-0.010518,0.04067,0.048435,0.045453,0.02343,0.035528,0.011556,-0.011241,0.023236,0.066889,0.052298,0.083176,0.012507,-0.050164,-0.072403,-0.022977,0.0037582,0.06418,0.10672,0.090975,0.048314,0.0020041,-0.017025,-0.0057858,-0.009183,0.059059,0.079056,0.084253,0.072664,0.042524,0.0049576,-0.002966,-0.036552,-0.019596,-0.0068808,0.010637,0.035565,0.025403,0.053117,0.050344,0.012542,0.024615,0.027287,0.037314,0.052607,1
0.026683,0.056335,0.043638,0.019961,0.0079766,0.042697,0.084595,0.074095,0.0077044,-0.12074,-0.10367,0.044119,0.1834,0.23884,0.093945,-0.13771,-0.27184,-0.17933,0.053281,0.25734,0.32012,0.14966,-0.1195,-0.31022,-0.36256,-0.22216,0.14473,0.43911,0.43557,0.18617,-0.099971,-0.24099,-0.25821,-0.12879,0.033482,0.10341,0.06328,-0.03164,-0.08765,-0.057934,0.055017,0.11211,0.095747,0.036025,-0.055668,-0.058072,-0.040582,-0.0040839,0.0094292,0.043765,0.034754,-0.01158,-0.07003,-0.11297,-0.042662,0.022443,0.077376,0.085705,0.027046,-0.051569,-0.039703,0.013151,0.07543,0.057621,0.015517,-0.065129,-0.098381,-0.084108,-0.014827,0.021428,0.015522,0.00069449,-0.01496,-0.0036225,0.047106,0.1196,0.059408,-0.013025,-0.080019,-0.14622,-0.14235,-0.054514,0.041858,0.054591,0.040299,-0.013083,-0.035147,-0.026386,0.012004,0.039122,0.037581,0.0042669,-0.057888,-0.067722,-0.064671,-0.017097,0.011948,0.016856,-0.0012464,-0.036367,-0.056976,-0.077337,-0.042072,-0.030957,-0.023392,-0.0059699,-0.021618,-0.040375,-0.042238,-0.07321,-0.094193,-0.068855,-0.030698,-0.0083277,-0.028578,-0.052949,-0.038969,-0.01305,0.0098516,0.011874,-0.024796,-0.073001,-0.095386,-0.11123,-0.070645,-0.01686,-0.0025208,0.04618,-0.020217,-0.060061,-0.073267,-0.055212,-0.048863,-0.040077,-0.010355,-0.013404,-0.015294,-0.017048,-0.024236,-0.040463,-0.080725,-0.087678,-0.063043,-0.034531,0.0083245,0.03812,0.036931,0.020585,-0.03412,-0.057202,-0.084893,-0.071037,-0.059536,-0.059445,-0.058586,-0.078693,-0.10282,-0.062064,-0.023137,0.016431,0.082627,1
-0.013146,-0.0054664,0.02566,0.013824,-0.0071943,0.0039666,0.066006,0.11288,0.10423,0.04256,-0.015321,0.0050219,0.043719,0.079264,0.055336,0.014359,-0.015279,-0.00065132,0.0050292,0.033302,0.018576,0.0067986,-0.058253,-0.095897,-0.059489,0.036105,0.17753,0.21776,0.1162,-0.080593,-0.15103,-0.10577,0.058281,0.18465,0.19031,0.070294,-0.11449,-0.20013,-0.15556,0.020035,0.21404,0.29323,0.22193,0.10008,-0.058021,-0.11755,-0.10312,-0.063566,-0.036992,0.0035699,0.0078643,-0.0049,-0.0030476,0.0065008,0.076323,0.094308,0.063914,0.019509,-0.028408,-0.082975,-0.065616,-0.011907,0.034991,0.031708,0.0032763,-0.044167,-0.084378,-0.10709,-0.04135,0.015534,0.053329,0.044606,0.0073443,-0.045405,-0.025194,0.011413,0.01494,0.015994,-0.03623,-0.093153,-0.096118,-0.044905,0.026077,0.045035,0.039044,0.00043267,-0.017115,0.013131,0.056892,0.07046,0.023753,-0.055093,-0.13959,-0.16016,-0.13612,-0.062297,0.02351,0.049048,0.034242,0.0052251,-0.021243,-0.039407,-0.00060188,0.0019683,-0.027943,-0.039696,-0.10527,-0.10865,-0.0911,-0.056032,-0.033436,-0.00052986,0.0017382,-0.026917,-0.050219,-0.068852,-0.062685,-0.01345,0.0077422,-0.021119,-0.054249,-0.089637,-0.12191,-0.11748,-0.060425,-0.00029304,-0.0031654,0.017581,-0.034411,-0.054236,-0.048521,-0.0099586,0.010917,-0.00068244,-0.022719,-0.06898,-0.11359,-0.13097,-0.089944,-0.051483,-0.041453,-0.022161,-0.025845,-0.033588,-0.021495,-0.021607,-0.0195,0.0038268,-0.023534,-0.043931,-0.064297,-0.074367,-0.089966,-0.09842,-0.083889,-0.067985,-0.072095,-0.027064,-0.0014429,0.024087,0.04231,1
-0.2327,-0.15715,-0.0070053,0.11873,0.12506,0.013904,-0.1273,-0.21397,-0.21262,-0.054558,0.20751,0.25263,0.096259,-0.11417,-0.33878,-0.45495,-0.28183,-0.015372,0.123,0.15554,0.0073953,-0.081286,-0.15488,-0.1841,-0.094717,0.046775,0.06796,-0.018519,-0.06673,-0.19163,-0.13035,-0.032971,-0.095111,-0.15185,-0.21589,-0.24277,-0.16437,-0.013558,0.17311,0.24396,0.18516,-0.026912,-0.13959,-0.16953,-0.14135,-0.0406,-0.021646,-0.069132,-0.16084,-0.13786,-0.053487,0.046786,0.1181,0.086995,0.076617,-0.051883,-0.15308,-0.097751,0.0086289,-0.012124,-0.060805,-0.12245,-0.15661,-0.18382,-0.069794,0.075756,0.14053,0.054823,0.0032553,-0.047282,-0.085415,-0.017356,0.045602,0.061823,0.031253,-0.011853,-0.08169,-0.011422,0.052321,0.039099,-0.026732,-0.052301,-0.053341,-0.076375,-0.020232,0.027582,0.11501,0.14477,0.10186,0.029005,-0.060914,-0.032216,-0.04005,0.0011417,0.022991,0.049813,0.086548,0.07278,0.074087,0.0386,0.013108,-0.034596,0.0073825,-0.0027426,-0.018737,0.0050321,0.02515,0.0054172,0.056289,0.069872,0.09259,0.12952,0.10713,0.03075,-0.042722,-0.054886,-0.024183,0.072415,0.082743,0.045093,-0.015137,0.012952,0.021939,0.038571,0.096485,0.14587,0.10443,0.14849,0.01288,-0.056261,-0.0337,-0.021261,0.000347,0.035134,0.064612,0.050943,0.066875,0.067685,0.12092,0.11885,0.081888,0.10557,0.08541,0.037995,0.036172,0.040943,0.012289,0.043794,0.0041037,0.00983,0.014366,0.057763,0.080616,0.073383,0.085473,0.08453,0.052832,0.11617,0.072826,0.081021,0.095705,1
0.12571,0.11019,-0.019568,-0.099153,-0.12347,-0.015382,0.22854,0.30044,0.1663,-0.13218,-0.29675,-0.21562,-0.016156,0.36704,0.45359,0.27882,-0.055013,-0.24107,-0.31608,-0.19283,0.08663,0.34939,0.31778,0.10997,-0.12364,-0.20822,-0.16763,-0.0076439,0.18255,0.19181,0.15042,0.080077,-0.015999,0.0073402,0.027649,0.022869,-0.027636,-0.089475,-0.092262,-0.075852,-0.0002544,0.029739,0.075998,0.11747,0.093284,0.076964,0.017061,-0.07498,-0.16718,-0.1243,-0.041391,-0.0098442,-0.025204,-0.068024,0.018522,0.067635,0.095103,0.13151,0.088474,-0.044584,-0.088505,-0.082281,-0.020613,-0.04245,-0.036336,-0.043984,-0.06503,-0.066138,0.060029,0.11581,0.087814,-0.018078,-0.11857,-0.19842,-0.14867,0.011718,0.025499,0.064272,0.0061891,-0.096511,-0.14489,-0.076827,0.026016,0.046805,0.077435,-0.015498,-0.076014,-0.09069,-0.058404,-0.020178,-0.0074364,-0.0062047,-0.074829,-0.13032,-0.16242,-0.15721,-0.1057,-0.072717,0.0031746,0.059607,0.04205,-0.010049,-0.025077,-0.083054,-0.1419,-0.13204,-0.12853,-0.12006,-0.089086,-0.077334,-0.10589,-0.083111,-0.045564,-0.02356,-0.0161,-0.059514,-0.073733,-0.055504,-0.07728,-0.093324,-0.13207,-0.13267,-0.14956,-0.14245,-0.088197,-0.052234,-0.083061,-0.016782,-0.093066,-0.083838,-0.061277,-0.014292,-0.036019,-0.069592,-0.073073,-0.14656,-0.15565,-0.14935,-0.07731,-0.049958,-0.074107,-0.058843,-0.09329,-0.11531,-0.10493,-0.11993,-0.1105,-0.070331,-0.096349,-0.07573,-0.086087,-0.10214,-0.10663,-0.10617,-0.085293,-0.065727,-0.10768,-0.088161,-0.11698,-0.11404,-0.085071,1
0.0092705,0.0019359,-0.00087352,-0.0022114,0.0091192,0.062883,0.10283,0.082074,-0.012271,-0.10678,-0.038436,0.11032,0.18735,0.17834,0.027582,-0.19858,-0.27777,-0.11874,0.10545,0.27484,0.23191,0.038005,-0.18513,-0.29589,-0.24654,-0.047435,0.2611,0.3946,0.32136,0.026297,-0.18525,-0.23302,-0.15368,-0.027799,0.067584,0.060362,-0.029694,-0.093486,-0.054403,0.061373,0.15894,0.15305,0.076138,0.0053069,-0.0837,-0.065474,-0.01527,0.026966,0.043165,0.032334,0.0035479,-0.042542,-0.065225,-0.065321,-0.0033113,0.026393,0.055203,0.056819,0.026601,-0.016979,0.0019671,0.040661,0.080479,0.020433,-0.053775,-0.12478,-0.10273,-0.036579,0.024036,0.044543,0.025942,-0.010492,-0.014916,0.0088726,0.06131,0.11037,0.043827,-0.018108,-0.10073,-0.16058,-0.13278,-0.0074733,0.068025,0.044259,-0.00091686,-0.037575,-0.020943,0.039698,0.077844,0.072857,0.0055205,-0.062706,-0.095319,-0.067189,-0.02117,0.052283,0.080839,0.043267,-0.022809,-0.081489,-0.071214,-0.055686,0.0082653,0.015718,0.015837,0.011164,-0.0036299,-0.024584,-0.033161,-0.054367,-0.055697,-0.035852,-0.0079493,-0.013899,-0.015717,-0.024462,-0.012802,0.029474,0.023445,-0.0098103,-0.040988,-0.04659,-0.06336,-0.068823,-0.031905,0.0077196,0.020106,0.05013,-0.0010078,-0.032551,-0.038555,-0.029656,-0.024039,-0.025018,-0.017269,-0.045587,-0.03649,-0.022375,-0.005027,-0.016493,-0.04052,-0.01781,0.0004778,0.019102,0.043525,0.0627,0.032092,0.015135,-0.028949,-0.054351,-0.082651,-0.072702,-0.066328,-0.07405,-0.051218,-0.031896,-0.017452,0.037589,0.040017,0.043086,0.037017,1
